Agilent Technologies -[Data];;
CH1 500mV/div  50.00us/div  Size=4000 [Date:11.02.2016];;
NO.;Voltage(NL3);Time(NL3)
1;2.00E-02;-1.00E-03
2;0.00E+00;-9.99E-04
3;0.00E+00;-9.99E-04
4;-2.00E-02;-9.98E-04
5;0.00E+00;-9.98E-04
6;0.00E+00;-9.97E-04
7;0.00E+00;-9.97E-04
8;0.00E+00;-9.96E-04
9;0.00E+00;-9.96E-04
10;0.00E+00;-9.95E-04
11;0.00E+00;-9.95E-04
12;0.00E+00;-9.94E-04
13;0.00E+00;-9.94E-04
14;0.00E+00;-9.93E-04
15;0.00E+00;-9.93E-04
16;0.00E+00;-9.92E-04
17;0.00E+00;-9.92E-04
18;-2.00E-02;-9.91E-04
19;0.00E+00;-9.91E-04
20;0.00E+00;-9.90E-04
21;0.00E+00;-9.90E-04
22;0.00E+00;-9.89E-04
23;0.00E+00;-9.89E-04
24;-2.00E-02;-9.88E-04
25;0.00E+00;-9.88E-04
26;0.00E+00;-9.87E-04
27;0.00E+00;-9.87E-04
28;0.00E+00;-9.86E-04
29;0.00E+00;-9.86E-04
30;0.00E+00;-9.85E-04
31;0.00E+00;-9.85E-04
32;0.00E+00;-9.84E-04
33;0.00E+00;-9.84E-04
34;0.00E+00;-9.83E-04
35;0.00E+00;-9.83E-04
36;0.00E+00;-9.82E-04
37;0.00E+00;-9.82E-04
38;0.00E+00;-9.81E-04
39;0.00E+00;-9.81E-04
40;0.00E+00;-9.80E-04
41;0.00E+00;-9.80E-04
42;0.00E+00;-9.79E-04
43;0.00E+00;-9.79E-04
44;0.00E+00;-9.78E-04
45;0.00E+00;-9.78E-04
46;0.00E+00;-9.77E-04
47;0.00E+00;-9.77E-04
48;0.00E+00;-9.76E-04
49;0.00E+00;-9.76E-04
50;0.00E+00;-9.75E-04
51;0.00E+00;-9.75E-04
52;0.00E+00;-9.74E-04
53;0.00E+00;-9.74E-04
54;0.00E+00;-9.73E-04
55;0.00E+00;-9.73E-04
56;0.00E+00;-9.72E-04
57;0.00E+00;-9.72E-04
58;0.00E+00;-9.71E-04
59;0.00E+00;-9.71E-04
60;0.00E+00;-9.70E-04
61;0.00E+00;-9.70E-04
62;0.00E+00;-9.69E-04
63;0.00E+00;-9.69E-04
64;0.00E+00;-9.68E-04
65;0.00E+00;-9.68E-04
66;0.00E+00;-9.67E-04
67;0.00E+00;-9.67E-04
68;0.00E+00;-9.66E-04
69;0.00E+00;-9.66E-04
70;0.00E+00;-9.65E-04
71;0.00E+00;-9.65E-04
72;0.00E+00;-9.64E-04
73;0.00E+00;-9.64E-04
74;0.00E+00;-9.63E-04
75;0.00E+00;-9.63E-04
76;0.00E+00;-9.62E-04
77;0.00E+00;-9.62E-04
78;0.00E+00;-9.61E-04
79;0.00E+00;-9.61E-04
80;0.00E+00;-9.60E-04
81;0.00E+00;-9.60E-04
82;0.00E+00;-9.59E-04
83;0.00E+00;-9.59E-04
84;0.00E+00;-9.58E-04
85;0.00E+00;-9.58E-04
86;0.00E+00;-9.57E-04
87;0.00E+00;-9.57E-04
88;0.00E+00;-9.56E-04
89;0.00E+00;-9.56E-04
90;0.00E+00;-9.55E-04
91;0.00E+00;-9.55E-04
92;0.00E+00;-9.54E-04
93;0.00E+00;-9.54E-04
94;0.00E+00;-9.53E-04
95;0.00E+00;-9.53E-04
96;0.00E+00;-9.52E-04
97;0.00E+00;-9.52E-04
98;0.00E+00;-9.51E-04
99;0.00E+00;-9.51E-04
100;0.00E+00;-9.50E-04
101;0.00E+00;-9.50E-04
102;0.00E+00;-9.49E-04
103;0.00E+00;-9.49E-04
104;-2.00E-02;-9.48E-04
105;0.00E+00;-9.48E-04
106;-2.00E-02;-9.47E-04
107;0.00E+00;-9.47E-04
108;0.00E+00;-9.46E-04
109;0.00E+00;-9.46E-04
110;0.00E+00;-9.45E-04
111;0.00E+00;-9.45E-04
112;-2.00E-02;-9.44E-04
113;0.00E+00;-9.44E-04
114;0.00E+00;-9.43E-04
115;0.00E+00;-9.43E-04
116;0.00E+00;-9.42E-04
117;0.00E+00;-9.42E-04
118;0.00E+00;-9.41E-04
119;0.00E+00;-9.41E-04
120;0.00E+00;-9.40E-04
121;0.00E+00;-9.40E-04
122;-2.00E-02;-9.39E-04
123;0.00E+00;-9.39E-04
124;0.00E+00;-9.38E-04
125;0.00E+00;-9.38E-04
126;-2.00E-02;-9.37E-04
127;2.00E-02;-9.37E-04
128;0.00E+00;-9.36E-04
129;0.00E+00;-9.36E-04
130;0.00E+00;-9.35E-04
131;-2.00E-02;-9.35E-04
132;-2.00E-02;-9.34E-04
133;0.00E+00;-9.34E-04
134;0.00E+00;-9.33E-04
135;0.00E+00;-9.33E-04
136;0.00E+00;-9.32E-04
137;0.00E+00;-9.32E-04
138;-2.00E-02;-9.31E-04
139;0.00E+00;-9.31E-04
140;-2.00E-02;-9.30E-04
141;0.00E+00;-9.30E-04
142;-2.00E-02;-9.29E-04
143;0.00E+00;-9.29E-04
144;-2.00E-02;-9.28E-04
145;0.00E+00;-9.28E-04
146;-2.00E-02;-9.27E-04
147;0.00E+00;-9.27E-04
148;0.00E+00;-9.26E-04
149;0.00E+00;-9.26E-04
150;-2.00E-02;-9.25E-04
151;0.00E+00;-9.25E-04
152;0.00E+00;-9.24E-04
153;0.00E+00;-9.24E-04
154;0.00E+00;-9.23E-04
155;0.00E+00;-9.23E-04
156;0.00E+00;-9.22E-04
157;0.00E+00;-9.22E-04
158;-2.00E-02;-9.21E-04
159;0.00E+00;-9.21E-04
160;0.00E+00;-9.20E-04
161;0.00E+00;-9.20E-04
162;0.00E+00;-9.19E-04
163;0.00E+00;-9.19E-04
164;0.00E+00;-9.18E-04
165;0.00E+00;-9.18E-04
166;0.00E+00;-9.17E-04
167;0.00E+00;-9.17E-04
168;0.00E+00;-9.16E-04
169;0.00E+00;-9.16E-04
170;0.00E+00;-9.15E-04
171;0.00E+00;-9.15E-04
172;0.00E+00;-9.14E-04
173;0.00E+00;-9.14E-04
174;0.00E+00;-9.13E-04
175;0.00E+00;-9.13E-04
176;-2.00E-02;-9.12E-04
177;0.00E+00;-9.12E-04
178;0.00E+00;-9.11E-04
179;0.00E+00;-9.11E-04
180;0.00E+00;-9.10E-04
181;0.00E+00;-9.10E-04
182;0.00E+00;-9.09E-04
183;0.00E+00;-9.09E-04
184;0.00E+00;-9.08E-04
185;0.00E+00;-9.08E-04
186;0.00E+00;-9.07E-04
187;0.00E+00;-9.07E-04
188;0.00E+00;-9.06E-04
189;0.00E+00;-9.06E-04
190;0.00E+00;-9.05E-04
191;0.00E+00;-9.05E-04
192;0.00E+00;-9.04E-04
193;0.00E+00;-9.04E-04
194;0.00E+00;-9.03E-04
195;0.00E+00;-9.03E-04
196;0.00E+00;-9.02E-04
197;0.00E+00;-9.02E-04
198;0.00E+00;-9.01E-04
199;0.00E+00;-9.01E-04
200;0.00E+00;-9.00E-04
201;0.00E+00;-9.00E-04
202;0.00E+00;-8.99E-04
203;0.00E+00;-8.99E-04
204;0.00E+00;-8.98E-04
205;0.00E+00;-8.98E-04
206;0.00E+00;-8.97E-04
207;0.00E+00;-8.97E-04
208;0.00E+00;-8.96E-04
209;0.00E+00;-8.96E-04
210;0.00E+00;-8.95E-04
211;0.00E+00;-8.95E-04
212;0.00E+00;-8.94E-04
213;0.00E+00;-8.94E-04
214;-2.00E-02;-8.93E-04
215;0.00E+00;-8.93E-04
216;0.00E+00;-8.92E-04
217;0.00E+00;-8.92E-04
218;0.00E+00;-8.91E-04
219;0.00E+00;-8.91E-04
220;-2.00E-02;-8.90E-04
221;0.00E+00;-8.90E-04
222;0.00E+00;-8.89E-04
223;0.00E+00;-8.89E-04
224;0.00E+00;-8.88E-04
225;0.00E+00;-8.88E-04
226;0.00E+00;-8.87E-04
227;0.00E+00;-8.87E-04
228;0.00E+00;-8.86E-04
229;0.00E+00;-8.86E-04
230;0.00E+00;-8.85E-04
231;0.00E+00;-8.85E-04
232;0.00E+00;-8.84E-04
233;0.00E+00;-8.84E-04
234;-2.00E-02;-8.83E-04
235;0.00E+00;-8.83E-04
236;0.00E+00;-8.82E-04
237;0.00E+00;-8.82E-04
238;0.00E+00;-8.81E-04
239;-2.00E-02;-8.81E-04
240;0.00E+00;-8.80E-04
241;0.00E+00;-8.80E-04
242;0.00E+00;-8.79E-04
243;0.00E+00;-8.79E-04
244;0.00E+00;-8.78E-04
245;0.00E+00;-8.78E-04
246;-2.00E-02;-8.77E-04
247;0.00E+00;-8.77E-04
248;0.00E+00;-8.76E-04
249;0.00E+00;-8.76E-04
250;0.00E+00;-8.75E-04
251;0.00E+00;-8.75E-04
252;-2.00E-02;-8.74E-04
253;0.00E+00;-8.74E-04
254;-2.00E-02;-8.73E-04
255;0.00E+00;-8.73E-04
256;0.00E+00;-8.72E-04
257;0.00E+00;-8.72E-04
258;-4.00E-02;-8.71E-04
259;0.00E+00;-8.71E-04
260;0.00E+00;-8.70E-04
261;0.00E+00;-8.70E-04
262;0.00E+00;-8.69E-04
263;0.00E+00;-8.69E-04
264;0.00E+00;-8.68E-04
265;0.00E+00;-8.68E-04
266;0.00E+00;-8.67E-04
267;0.00E+00;-8.67E-04
268;0.00E+00;-8.66E-04
269;0.00E+00;-8.66E-04
270;0.00E+00;-8.65E-04
271;0.00E+00;-8.65E-04
272;0.00E+00;-8.64E-04
273;0.00E+00;-8.64E-04
274;0.00E+00;-8.63E-04
275;0.00E+00;-8.63E-04
276;0.00E+00;-8.62E-04
277;0.00E+00;-8.62E-04
278;0.00E+00;-8.61E-04
279;0.00E+00;-8.61E-04
280;0.00E+00;-8.60E-04
281;0.00E+00;-8.60E-04
282;0.00E+00;-8.59E-04
283;0.00E+00;-8.59E-04
284;0.00E+00;-8.58E-04
285;0.00E+00;-8.58E-04
286;0.00E+00;-8.57E-04
287;0.00E+00;-8.57E-04
288;0.00E+00;-8.56E-04
289;0.00E+00;-8.56E-04
290;-2.00E-02;-8.55E-04
291;0.00E+00;-8.55E-04
292;0.00E+00;-8.54E-04
293;0.00E+00;-8.54E-04
294;0.00E+00;-8.53E-04
295;0.00E+00;-8.53E-04
296;0.00E+00;-8.52E-04
297;0.00E+00;-8.52E-04
298;0.00E+00;-8.51E-04
299;0.00E+00;-8.51E-04
300;0.00E+00;-8.50E-04
301;0.00E+00;-8.50E-04
302;0.00E+00;-8.49E-04
303;-2.00E-02;-8.49E-04
304;0.00E+00;-8.48E-04
305;0.00E+00;-8.48E-04
306;0.00E+00;-8.47E-04
307;0.00E+00;-8.47E-04
308;0.00E+00;-8.46E-04
309;0.00E+00;-8.46E-04
310;0.00E+00;-8.45E-04
311;2.00E-02;-8.45E-04
312;0.00E+00;-8.44E-04
313;0.00E+00;-8.44E-04
314;0.00E+00;-8.43E-04
315;0.00E+00;-8.43E-04
316;0.00E+00;-8.42E-04
317;0.00E+00;-8.42E-04
318;0.00E+00;-8.41E-04
319;0.00E+00;-8.41E-04
320;0.00E+00;-8.40E-04
321;0.00E+00;-8.40E-04
322;0.00E+00;-8.39E-04
323;0.00E+00;-8.39E-04
324;0.00E+00;-8.38E-04
325;0.00E+00;-8.38E-04
326;0.00E+00;-8.37E-04
327;0.00E+00;-8.37E-04
328;-2.00E-02;-8.36E-04
329;0.00E+00;-8.36E-04
330;0.00E+00;-8.35E-04
331;0.00E+00;-8.35E-04
332;0.00E+00;-8.34E-04
333;0.00E+00;-8.34E-04
334;0.00E+00;-8.33E-04
335;0.00E+00;-8.33E-04
336;0.00E+00;-8.32E-04
337;0.00E+00;-8.32E-04
338;0.00E+00;-8.31E-04
339;0.00E+00;-8.31E-04
340;0.00E+00;-8.30E-04
341;-2.00E-02;-8.30E-04
342;0.00E+00;-8.29E-04
343;0.00E+00;-8.29E-04
344;0.00E+00;-8.28E-04
345;0.00E+00;-8.28E-04
346;0.00E+00;-8.27E-04
347;0.00E+00;-8.27E-04
348;-2.00E-02;-8.26E-04
349;0.00E+00;-8.26E-04
350;0.00E+00;-8.25E-04
351;0.00E+00;-8.25E-04
352;0.00E+00;-8.24E-04
353;0.00E+00;-8.24E-04
354;-4.00E-02;-8.23E-04
355;0.00E+00;-8.23E-04
356;-2.00E-02;-8.22E-04
357;0.00E+00;-8.22E-04
358;0.00E+00;-8.21E-04
359;0.00E+00;-8.21E-04
360;0.00E+00;-8.20E-04
361;0.00E+00;-8.20E-04
362;-2.00E-02;-8.19E-04
363;0.00E+00;-8.19E-04
364;0.00E+00;-8.18E-04
365;0.00E+00;-8.18E-04
366;-2.00E-02;-8.17E-04
367;0.00E+00;-8.17E-04
368;0.00E+00;-8.16E-04
369;0.00E+00;-8.16E-04
370;0.00E+00;-8.15E-04
371;0.00E+00;-8.15E-04
372;0.00E+00;-8.14E-04
373;0.00E+00;-8.14E-04
374;0.00E+00;-8.13E-04
375;0.00E+00;-8.13E-04
376;0.00E+00;-8.12E-04
377;0.00E+00;-8.12E-04
378;0.00E+00;-8.11E-04
379;0.00E+00;-8.11E-04
380;0.00E+00;-8.10E-04
381;0.00E+00;-8.10E-04
382;0.00E+00;-8.09E-04
383;0.00E+00;-8.09E-04
384;0.00E+00;-8.08E-04
385;0.00E+00;-8.08E-04
386;-2.00E-02;-8.07E-04
387;0.00E+00;-8.07E-04
388;0.00E+00;-8.06E-04
389;0.00E+00;-8.06E-04
390;0.00E+00;-8.05E-04
391;0.00E+00;-8.05E-04
392;0.00E+00;-8.04E-04
393;0.00E+00;-8.04E-04
394;0.00E+00;-8.03E-04
395;0.00E+00;-8.03E-04
396;0.00E+00;-8.02E-04
397;2.00E-02;-8.02E-04
398;0.00E+00;-8.01E-04
399;0.00E+00;-8.01E-04
400;0.00E+00;-8.00E-04
401;0.00E+00;-8.00E-04
402;0.00E+00;-7.99E-04
403;0.00E+00;-7.99E-04
404;0.00E+00;-7.98E-04
405;0.00E+00;-7.98E-04
406;0.00E+00;-7.97E-04
407;0.00E+00;-7.97E-04
408;0.00E+00;-7.96E-04
409;0.00E+00;-7.96E-04
410;0.00E+00;-7.95E-04
411;0.00E+00;-7.95E-04
412;0.00E+00;-7.94E-04
413;0.00E+00;-7.94E-04
414;0.00E+00;-7.93E-04
415;0.00E+00;-7.93E-04
416;0.00E+00;-7.92E-04
417;0.00E+00;-7.92E-04
418;0.00E+00;-7.91E-04
419;0.00E+00;-7.91E-04
420;0.00E+00;-7.90E-04
421;0.00E+00;-7.90E-04
422;0.00E+00;-7.89E-04
423;0.00E+00;-7.89E-04
424;0.00E+00;-7.88E-04
425;0.00E+00;-7.88E-04
426;0.00E+00;-7.87E-04
427;0.00E+00;-7.87E-04
428;0.00E+00;-7.86E-04
429;0.00E+00;-7.86E-04
430;0.00E+00;-7.85E-04
431;0.00E+00;-7.85E-04
432;0.00E+00;-7.84E-04
433;0.00E+00;-7.84E-04
434;0.00E+00;-7.83E-04
435;0.00E+00;-7.83E-04
436;0.00E+00;-7.82E-04
437;0.00E+00;-7.82E-04
438;0.00E+00;-7.81E-04
439;0.00E+00;-7.81E-04
440;0.00E+00;-7.80E-04
441;0.00E+00;-7.80E-04
442;0.00E+00;-7.79E-04
443;0.00E+00;-7.79E-04
444;0.00E+00;-7.78E-04
445;0.00E+00;-7.78E-04
446;0.00E+00;-7.77E-04
447;0.00E+00;-7.77E-04
448;0.00E+00;-7.76E-04
449;0.00E+00;-7.76E-04
450;0.00E+00;-7.75E-04
451;0.00E+00;-7.75E-04
452;0.00E+00;-7.74E-04
453;0.00E+00;-7.74E-04
454;0.00E+00;-7.73E-04
455;0.00E+00;-7.73E-04
456;0.00E+00;-7.72E-04
457;0.00E+00;-7.72E-04
458;0.00E+00;-7.71E-04
459;0.00E+00;-7.71E-04
460;0.00E+00;-7.70E-04
461;0.00E+00;-7.70E-04
462;0.00E+00;-7.69E-04
463;0.00E+00;-7.69E-04
464;0.00E+00;-7.68E-04
465;0.00E+00;-7.68E-04
466;0.00E+00;-7.67E-04
467;0.00E+00;-7.67E-04
468;-2.00E-02;-7.66E-04
469;0.00E+00;-7.66E-04
470;0.00E+00;-7.65E-04
471;0.00E+00;-7.65E-04
472;0.00E+00;-7.64E-04
473;0.00E+00;-7.64E-04
474;0.00E+00;-7.63E-04
475;0.00E+00;-7.63E-04
476;0.00E+00;-7.62E-04
477;0.00E+00;-7.62E-04
478;0.00E+00;-7.61E-04
479;0.00E+00;-7.61E-04
480;0.00E+00;-7.60E-04
481;0.00E+00;-7.60E-04
482;0.00E+00;-7.59E-04
483;0.00E+00;-7.59E-04
484;0.00E+00;-7.58E-04
485;0.00E+00;-7.58E-04
486;0.00E+00;-7.57E-04
487;0.00E+00;-7.57E-04
488;0.00E+00;-7.56E-04
489;0.00E+00;-7.56E-04
490;0.00E+00;-7.55E-04
491;0.00E+00;-7.55E-04
492;0.00E+00;-7.54E-04
493;0.00E+00;-7.54E-04
494;-2.00E-02;-7.53E-04
495;0.00E+00;-7.53E-04
496;0.00E+00;-7.52E-04
497;0.00E+00;-7.52E-04
498;0.00E+00;-7.51E-04
499;0.00E+00;-7.51E-04
500;-2.00E-02;-7.50E-04
501;0.00E+00;-7.50E-04
502;0.00E+00;-7.49E-04
503;0.00E+00;-7.49E-04
504;0.00E+00;-7.48E-04
505;2.00E-02;-7.48E-04
506;-2.00E-02;-7.47E-04
507;0.00E+00;-7.47E-04
508;0.00E+00;-7.46E-04
509;0.00E+00;-7.46E-04
510;0.00E+00;-7.45E-04
511;0.00E+00;-7.45E-04
512;0.00E+00;-7.44E-04
513;0.00E+00;-7.44E-04
514;0.00E+00;-7.43E-04
515;0.00E+00;-7.43E-04
516;0.00E+00;-7.42E-04
517;0.00E+00;-7.42E-04
518;0.00E+00;-7.41E-04
519;0.00E+00;-7.41E-04
520;0.00E+00;-7.40E-04
521;0.00E+00;-7.40E-04
522;0.00E+00;-7.39E-04
523;0.00E+00;-7.39E-04
524;0.00E+00;-7.38E-04
525;0.00E+00;-7.38E-04
526;0.00E+00;-7.37E-04
527;0.00E+00;-7.37E-04
528;0.00E+00;-7.36E-04
529;0.00E+00;-7.36E-04
530;0.00E+00;-7.35E-04
531;0.00E+00;-7.35E-04
532;0.00E+00;-7.34E-04
533;0.00E+00;-7.34E-04
534;0.00E+00;-7.33E-04
535;0.00E+00;-7.33E-04
536;0.00E+00;-7.32E-04
537;0.00E+00;-7.32E-04
538;0.00E+00;-7.31E-04
539;0.00E+00;-7.31E-04
540;0.00E+00;-7.30E-04
541;0.00E+00;-7.30E-04
542;0.00E+00;-7.29E-04
543;0.00E+00;-7.29E-04
544;0.00E+00;-7.28E-04
545;0.00E+00;-7.28E-04
546;0.00E+00;-7.27E-04
547;0.00E+00;-7.27E-04
548;0.00E+00;-7.26E-04
549;0.00E+00;-7.26E-04
550;0.00E+00;-7.25E-04
551;0.00E+00;-7.25E-04
552;0.00E+00;-7.24E-04
553;0.00E+00;-7.24E-04
554;0.00E+00;-7.23E-04
555;0.00E+00;-7.23E-04
556;0.00E+00;-7.22E-04
557;0.00E+00;-7.22E-04
558;0.00E+00;-7.21E-04
559;0.00E+00;-7.21E-04
560;0.00E+00;-7.20E-04
561;0.00E+00;-7.20E-04
562;0.00E+00;-7.19E-04
563;0.00E+00;-7.19E-04
564;0.00E+00;-7.18E-04
565;0.00E+00;-7.18E-04
566;0.00E+00;-7.17E-04
567;0.00E+00;-7.17E-04
568;0.00E+00;-7.16E-04
569;0.00E+00;-7.16E-04
570;0.00E+00;-7.15E-04
571;0.00E+00;-7.15E-04
572;0.00E+00;-7.14E-04
573;0.00E+00;-7.14E-04
574;0.00E+00;-7.13E-04
575;0.00E+00;-7.13E-04
576;0.00E+00;-7.12E-04
577;0.00E+00;-7.12E-04
578;0.00E+00;-7.11E-04
579;0.00E+00;-7.11E-04
580;0.00E+00;-7.10E-04
581;0.00E+00;-7.10E-04
582;0.00E+00;-7.09E-04
583;0.00E+00;-7.09E-04
584;-2.00E-02;-7.08E-04
585;0.00E+00;-7.08E-04
586;0.00E+00;-7.07E-04
587;0.00E+00;-7.07E-04
588;0.00E+00;-7.06E-04
589;0.00E+00;-7.06E-04
590;0.00E+00;-7.05E-04
591;0.00E+00;-7.05E-04
592;0.00E+00;-7.04E-04
593;0.00E+00;-7.04E-04
594;0.00E+00;-7.03E-04
595;0.00E+00;-7.03E-04
596;0.00E+00;-7.02E-04
597;0.00E+00;-7.02E-04
598;0.00E+00;-7.01E-04
599;0.00E+00;-7.01E-04
600;0.00E+00;-7.00E-04
601;0.00E+00;-7.00E-04
602;-2.00E-02;-6.99E-04
603;0.00E+00;-6.99E-04
604;0.00E+00;-6.98E-04
605;0.00E+00;-6.98E-04
606;0.00E+00;-6.97E-04
607;0.00E+00;-6.97E-04
608;0.00E+00;-6.96E-04
609;0.00E+00;-6.96E-04
610;0.00E+00;-6.95E-04
611;0.00E+00;-6.95E-04
612;0.00E+00;-6.94E-04
613;0.00E+00;-6.94E-04
614;0.00E+00;-6.93E-04
615;0.00E+00;-6.93E-04
616;0.00E+00;-6.92E-04
617;2.00E-02;-6.92E-04
618;0.00E+00;-6.91E-04
619;0.00E+00;-6.91E-04
620;0.00E+00;-6.90E-04
621;0.00E+00;-6.90E-04
622;0.00E+00;-6.89E-04
623;0.00E+00;-6.89E-04
624;0.00E+00;-6.88E-04
625;0.00E+00;-6.88E-04
626;0.00E+00;-6.87E-04
627;0.00E+00;-6.87E-04
628;0.00E+00;-6.86E-04
629;0.00E+00;-6.86E-04
630;0.00E+00;-6.85E-04
631;0.00E+00;-6.85E-04
632;0.00E+00;-6.84E-04
633;0.00E+00;-6.84E-04
634;0.00E+00;-6.83E-04
635;0.00E+00;-6.83E-04
636;0.00E+00;-6.82E-04
637;0.00E+00;-6.82E-04
638;0.00E+00;-6.81E-04
639;0.00E+00;-6.81E-04
640;0.00E+00;-6.80E-04
641;0.00E+00;-6.80E-04
642;0.00E+00;-6.79E-04
643;0.00E+00;-6.79E-04
644;0.00E+00;-6.78E-04
645;0.00E+00;-6.78E-04
646;0.00E+00;-6.77E-04
647;0.00E+00;-6.77E-04
648;0.00E+00;-6.76E-04
649;0.00E+00;-6.76E-04
650;0.00E+00;-6.75E-04
651;0.00E+00;-6.75E-04
652;0.00E+00;-6.74E-04
653;0.00E+00;-6.74E-04
654;0.00E+00;-6.73E-04
655;0.00E+00;-6.73E-04
656;0.00E+00;-6.72E-04
657;0.00E+00;-6.72E-04
658;0.00E+00;-6.71E-04
659;0.00E+00;-6.71E-04
660;0.00E+00;-6.70E-04
661;0.00E+00;-6.70E-04
662;0.00E+00;-6.69E-04
663;0.00E+00;-6.69E-04
664;0.00E+00;-6.68E-04
665;0.00E+00;-6.68E-04
666;0.00E+00;-6.67E-04
667;0.00E+00;-6.67E-04
668;0.00E+00;-6.66E-04
669;0.00E+00;-6.66E-04
670;0.00E+00;-6.65E-04
671;0.00E+00;-6.65E-04
672;0.00E+00;-6.64E-04
673;0.00E+00;-6.64E-04
674;0.00E+00;-6.63E-04
675;0.00E+00;-6.63E-04
676;0.00E+00;-6.62E-04
677;0.00E+00;-6.62E-04
678;0.00E+00;-6.61E-04
679;2.00E-02;-6.61E-04
680;0.00E+00;-6.60E-04
681;0.00E+00;-6.60E-04
682;0.00E+00;-6.59E-04
683;0.00E+00;-6.59E-04
684;0.00E+00;-6.58E-04
685;0.00E+00;-6.58E-04
686;0.00E+00;-6.57E-04
687;0.00E+00;-6.57E-04
688;0.00E+00;-6.56E-04
689;0.00E+00;-6.56E-04
690;0.00E+00;-6.55E-04
691;0.00E+00;-6.55E-04
692;0.00E+00;-6.54E-04
693;0.00E+00;-6.54E-04
694;0.00E+00;-6.53E-04
695;0.00E+00;-6.53E-04
696;0.00E+00;-6.52E-04
697;0.00E+00;-6.52E-04
698;0.00E+00;-6.51E-04
699;0.00E+00;-6.51E-04
700;0.00E+00;-6.50E-04
701;0.00E+00;-6.50E-04
702;0.00E+00;-6.49E-04
703;0.00E+00;-6.49E-04
704;0.00E+00;-6.48E-04
705;0.00E+00;-6.48E-04
706;0.00E+00;-6.47E-04
707;0.00E+00;-6.47E-04
708;0.00E+00;-6.46E-04
709;0.00E+00;-6.46E-04
710;0.00E+00;-6.45E-04
711;0.00E+00;-6.45E-04
712;0.00E+00;-6.44E-04
713;0.00E+00;-6.44E-04
714;0.00E+00;-6.43E-04
715;2.00E-02;-6.43E-04
716;0.00E+00;-6.42E-04
717;0.00E+00;-6.42E-04
718;0.00E+00;-6.41E-04
719;0.00E+00;-6.41E-04
720;0.00E+00;-6.40E-04
721;0.00E+00;-6.40E-04
722;0.00E+00;-6.39E-04
723;0.00E+00;-6.39E-04
724;0.00E+00;-6.38E-04
725;0.00E+00;-6.38E-04
726;0.00E+00;-6.37E-04
727;0.00E+00;-6.37E-04
728;0.00E+00;-6.36E-04
729;0.00E+00;-6.36E-04
730;0.00E+00;-6.35E-04
731;0.00E+00;-6.35E-04
732;0.00E+00;-6.34E-04
733;0.00E+00;-6.34E-04
734;0.00E+00;-6.33E-04
735;0.00E+00;-6.33E-04
736;0.00E+00;-6.32E-04
737;2.00E-02;-6.32E-04
738;0.00E+00;-6.31E-04
739;0.00E+00;-6.31E-04
740;0.00E+00;-6.30E-04
741;0.00E+00;-6.30E-04
742;0.00E+00;-6.29E-04
743;0.00E+00;-6.29E-04
744;0.00E+00;-6.28E-04
745;0.00E+00;-6.28E-04
746;0.00E+00;-6.27E-04
747;0.00E+00;-6.27E-04
748;0.00E+00;-6.26E-04
749;0.00E+00;-6.26E-04
750;0.00E+00;-6.25E-04
751;2.00E-02;-6.25E-04
752;0.00E+00;-6.24E-04
753;0.00E+00;-6.24E-04
754;0.00E+00;-6.23E-04
755;0.00E+00;-6.23E-04
756;0.00E+00;-6.22E-04
757;0.00E+00;-6.22E-04
758;0.00E+00;-6.21E-04
759;0.00E+00;-6.21E-04
760;0.00E+00;-6.20E-04
761;0.00E+00;-6.20E-04
762;0.00E+00;-6.19E-04
763;0.00E+00;-6.19E-04
764;0.00E+00;-6.18E-04
765;0.00E+00;-6.18E-04
766;0.00E+00;-6.17E-04
767;0.00E+00;-6.17E-04
768;0.00E+00;-6.16E-04
769;0.00E+00;-6.16E-04
770;0.00E+00;-6.15E-04
771;0.00E+00;-6.15E-04
772;0.00E+00;-6.14E-04
773;0.00E+00;-6.14E-04
774;0.00E+00;-6.13E-04
775;0.00E+00;-6.13E-04
776;0.00E+00;-6.12E-04
777;0.00E+00;-6.12E-04
778;0.00E+00;-6.11E-04
779;0.00E+00;-6.11E-04
780;0.00E+00;-6.10E-04
781;0.00E+00;-6.10E-04
782;0.00E+00;-6.09E-04
783;0.00E+00;-6.09E-04
784;0.00E+00;-6.08E-04
785;0.00E+00;-6.08E-04
786;0.00E+00;-6.07E-04
787;2.00E-02;-6.07E-04
788;0.00E+00;-6.06E-04
789;0.00E+00;-6.06E-04
790;0.00E+00;-6.05E-04
791;0.00E+00;-6.05E-04
792;0.00E+00;-6.04E-04
793;0.00E+00;-6.04E-04
794;0.00E+00;-6.03E-04
795;0.00E+00;-6.03E-04
796;0.00E+00;-6.02E-04
797;0.00E+00;-6.02E-04
798;0.00E+00;-6.01E-04
799;0.00E+00;-6.01E-04
800;0.00E+00;-6.00E-04
801;0.00E+00;-6.00E-04
802;0.00E+00;-5.99E-04
803;0.00E+00;-5.99E-04
804;0.00E+00;-5.98E-04
805;0.00E+00;-5.98E-04
806;0.00E+00;-5.97E-04
807;0.00E+00;-5.97E-04
808;0.00E+00;-5.96E-04
809;0.00E+00;-5.96E-04
810;0.00E+00;-5.95E-04
811;0.00E+00;-5.95E-04
812;0.00E+00;-5.94E-04
813;0.00E+00;-5.94E-04
814;0.00E+00;-5.93E-04
815;0.00E+00;-5.93E-04
816;0.00E+00;-5.92E-04
817;0.00E+00;-5.92E-04
818;0.00E+00;-5.91E-04
819;0.00E+00;-5.91E-04
820;0.00E+00;-5.90E-04
821;2.00E-02;-5.90E-04
822;0.00E+00;-5.89E-04
823;2.00E-02;-5.89E-04
824;0.00E+00;-5.88E-04
825;0.00E+00;-5.88E-04
826;0.00E+00;-5.87E-04
827;0.00E+00;-5.87E-04
828;0.00E+00;-5.86E-04
829;0.00E+00;-5.86E-04
830;0.00E+00;-5.85E-04
831;0.00E+00;-5.85E-04
832;0.00E+00;-5.84E-04
833;0.00E+00;-5.84E-04
834;0.00E+00;-5.83E-04
835;2.00E-02;-5.83E-04
836;0.00E+00;-5.82E-04
837;0.00E+00;-5.82E-04
838;0.00E+00;-5.81E-04
839;0.00E+00;-5.81E-04
840;0.00E+00;-5.80E-04
841;0.00E+00;-5.80E-04
842;0.00E+00;-5.79E-04
843;0.00E+00;-5.79E-04
844;0.00E+00;-5.78E-04
845;0.00E+00;-5.78E-04
846;0.00E+00;-5.77E-04
847;0.00E+00;-5.77E-04
848;0.00E+00;-5.76E-04
849;0.00E+00;-5.76E-04
850;-2.00E-02;-5.75E-04
851;0.00E+00;-5.75E-04
852;0.00E+00;-5.74E-04
853;0.00E+00;-5.74E-04
854;0.00E+00;-5.73E-04
855;0.00E+00;-5.73E-04
856;0.00E+00;-5.72E-04
857;0.00E+00;-5.72E-04
858;0.00E+00;-5.71E-04
859;0.00E+00;-5.71E-04
860;0.00E+00;-5.70E-04
861;0.00E+00;-5.70E-04
862;0.00E+00;-5.69E-04
863;2.00E-02;-5.69E-04
864;0.00E+00;-5.68E-04
865;2.00E-02;-5.68E-04
866;0.00E+00;-5.67E-04
867;0.00E+00;-5.67E-04
868;0.00E+00;-5.66E-04
869;0.00E+00;-5.66E-04
870;0.00E+00;-5.65E-04
871;0.00E+00;-5.65E-04
872;0.00E+00;-5.64E-04
873;0.00E+00;-5.64E-04
874;0.00E+00;-5.63E-04
875;0.00E+00;-5.63E-04
876;0.00E+00;-5.62E-04
877;0.00E+00;-5.62E-04
878;0.00E+00;-5.61E-04
879;0.00E+00;-5.61E-04
880;0.00E+00;-5.60E-04
881;0.00E+00;-5.60E-04
882;0.00E+00;-5.59E-04
883;0.00E+00;-5.59E-04
884;0.00E+00;-5.58E-04
885;0.00E+00;-5.58E-04
886;0.00E+00;-5.57E-04
887;0.00E+00;-5.57E-04
888;0.00E+00;-5.56E-04
889;0.00E+00;-5.56E-04
890;0.00E+00;-5.55E-04
891;0.00E+00;-5.55E-04
892;0.00E+00;-5.54E-04
893;0.00E+00;-5.54E-04
894;0.00E+00;-5.53E-04
895;0.00E+00;-5.53E-04
896;0.00E+00;-5.52E-04
897;0.00E+00;-5.52E-04
898;0.00E+00;-5.51E-04
899;0.00E+00;-5.51E-04
900;0.00E+00;-5.50E-04
901;0.00E+00;-5.50E-04
902;0.00E+00;-5.49E-04
903;0.00E+00;-5.49E-04
904;0.00E+00;-5.48E-04
905;0.00E+00;-5.48E-04
906;0.00E+00;-5.47E-04
907;0.00E+00;-5.47E-04
908;0.00E+00;-5.46E-04
909;0.00E+00;-5.46E-04
910;0.00E+00;-5.45E-04
911;0.00E+00;-5.45E-04
912;0.00E+00;-5.44E-04
913;0.00E+00;-5.44E-04
914;0.00E+00;-5.43E-04
915;0.00E+00;-5.43E-04
916;0.00E+00;-5.42E-04
917;0.00E+00;-5.42E-04
918;0.00E+00;-5.41E-04
919;0.00E+00;-5.41E-04
920;0.00E+00;-5.40E-04
921;0.00E+00;-5.40E-04
922;0.00E+00;-5.39E-04
923;0.00E+00;-5.39E-04
924;0.00E+00;-5.38E-04
925;-2.00E-02;-5.38E-04
926;0.00E+00;-5.37E-04
927;0.00E+00;-5.37E-04
928;0.00E+00;-5.36E-04
929;0.00E+00;-5.36E-04
930;0.00E+00;-5.35E-04
931;0.00E+00;-5.35E-04
932;0.00E+00;-5.34E-04
933;0.00E+00;-5.34E-04
934;0.00E+00;-5.33E-04
935;0.00E+00;-5.33E-04
936;0.00E+00;-5.32E-04
937;0.00E+00;-5.32E-04
938;0.00E+00;-5.31E-04
939;0.00E+00;-5.31E-04
940;0.00E+00;-5.30E-04
941;0.00E+00;-5.30E-04
942;0.00E+00;-5.29E-04
943;0.00E+00;-5.29E-04
944;0.00E+00;-5.28E-04
945;0.00E+00;-5.28E-04
946;0.00E+00;-5.27E-04
947;0.00E+00;-5.27E-04
948;0.00E+00;-5.26E-04
949;0.00E+00;-5.26E-04
950;0.00E+00;-5.25E-04
951;0.00E+00;-5.25E-04
952;0.00E+00;-5.24E-04
953;0.00E+00;-5.24E-04
954;0.00E+00;-5.23E-04
955;0.00E+00;-5.23E-04
956;0.00E+00;-5.22E-04
957;0.00E+00;-5.22E-04
958;0.00E+00;-5.21E-04
959;0.00E+00;-5.21E-04
960;0.00E+00;-5.20E-04
961;0.00E+00;-5.20E-04
962;0.00E+00;-5.19E-04
963;0.00E+00;-5.19E-04
964;0.00E+00;-5.18E-04
965;0.00E+00;-5.18E-04
966;0.00E+00;-5.17E-04
967;0.00E+00;-5.17E-04
968;0.00E+00;-5.16E-04
969;0.00E+00;-5.16E-04
970;0.00E+00;-5.15E-04
971;0.00E+00;-5.15E-04
972;0.00E+00;-5.14E-04
973;0.00E+00;-5.14E-04
974;0.00E+00;-5.13E-04
975;0.00E+00;-5.13E-04
976;-2.00E-02;-5.12E-04
977;0.00E+00;-5.12E-04
978;0.00E+00;-5.11E-04
979;0.00E+00;-5.11E-04
980;0.00E+00;-5.10E-04
981;0.00E+00;-5.10E-04
982;0.00E+00;-5.09E-04
983;0.00E+00;-5.09E-04
984;0.00E+00;-5.08E-04
985;2.00E-02;-5.08E-04
986;0.00E+00;-5.07E-04
987;0.00E+00;-5.07E-04
988;0.00E+00;-5.06E-04
989;0.00E+00;-5.06E-04
990;0.00E+00;-5.05E-04
991;0.00E+00;-5.05E-04
992;0.00E+00;-5.04E-04
993;0.00E+00;-5.04E-04
994;0.00E+00;-5.03E-04
995;0.00E+00;-5.03E-04
996;-2.00E-02;-5.02E-04
997;0.00E+00;-5.02E-04
998;0.00E+00;-5.01E-04
999;0.00E+00;-5.01E-04
1000;0.00E+00;-5.00E-04
1001;0.00E+00;-5.00E-04
1002;0.00E+00;-4.99E-04
1003;0.00E+00;-4.99E-04
1004;0.00E+00;-4.98E-04
1005;0.00E+00;-4.98E-04
1006;0.00E+00;-4.97E-04
1007;0.00E+00;-4.97E-04
1008;0.00E+00;-4.96E-04
1009;0.00E+00;-4.96E-04
1010;0.00E+00;-4.95E-04
1011;0.00E+00;-4.95E-04
1012;0.00E+00;-4.94E-04
1013;0.00E+00;-4.94E-04
1014;-4.00E-02;-4.93E-04
1015;0.00E+00;-4.93E-04
1016;0.00E+00;-4.92E-04
1017;0.00E+00;-4.92E-04
1018;0.00E+00;-4.91E-04
1019;0.00E+00;-4.91E-04
1020;0.00E+00;-4.90E-04
1021;0.00E+00;-4.90E-04
1022;0.00E+00;-4.89E-04
1023;0.00E+00;-4.89E-04
1024;0.00E+00;-4.88E-04
1025;0.00E+00;-4.88E-04
1026;0.00E+00;-4.87E-04
1027;0.00E+00;-4.87E-04
1028;-2.00E-02;-4.86E-04
1029;0.00E+00;-4.86E-04
1030;0.00E+00;-4.85E-04
1031;0.00E+00;-4.85E-04
1032;0.00E+00;-4.84E-04
1033;-2.00E-02;-4.84E-04
1034;0.00E+00;-4.83E-04
1035;0.00E+00;-4.83E-04
1036;0.00E+00;-4.82E-04
1037;0.00E+00;-4.82E-04
1038;0.00E+00;-4.81E-04
1039;0.00E+00;-4.81E-04
1040;0.00E+00;-4.80E-04
1041;0.00E+00;-4.80E-04
1042;0.00E+00;-4.79E-04
1043;0.00E+00;-4.79E-04
1044;0.00E+00;-4.78E-04
1045;0.00E+00;-4.78E-04
1046;0.00E+00;-4.77E-04
1047;-2.00E-02;-4.77E-04
1048;0.00E+00;-4.76E-04
1049;0.00E+00;-4.76E-04
1050;0.00E+00;-4.75E-04
1051;0.00E+00;-4.75E-04
1052;0.00E+00;-4.74E-04
1053;0.00E+00;-4.74E-04
1054;0.00E+00;-4.73E-04
1055;0.00E+00;-4.73E-04
1056;0.00E+00;-4.72E-04
1057;0.00E+00;-4.72E-04
1058;0.00E+00;-4.71E-04
1059;0.00E+00;-4.71E-04
1060;0.00E+00;-4.70E-04
1061;0.00E+00;-4.70E-04
1062;0.00E+00;-4.69E-04
1063;0.00E+00;-4.69E-04
1064;0.00E+00;-4.68E-04
1065;0.00E+00;-4.68E-04
1066;0.00E+00;-4.67E-04
1067;0.00E+00;-4.67E-04
1068;0.00E+00;-4.66E-04
1069;0.00E+00;-4.66E-04
1070;0.00E+00;-4.65E-04
1071;2.00E-02;-4.65E-04
1072;0.00E+00;-4.64E-04
1073;0.00E+00;-4.64E-04
1074;0.00E+00;-4.63E-04
1075;0.00E+00;-4.63E-04
1076;0.00E+00;-4.62E-04
1077;0.00E+00;-4.62E-04
1078;0.00E+00;-4.61E-04
1079;0.00E+00;-4.61E-04
1080;0.00E+00;-4.60E-04
1081;0.00E+00;-4.60E-04
1082;0.00E+00;-4.59E-04
1083;0.00E+00;-4.59E-04
1084;-2.00E-02;-4.58E-04
1085;0.00E+00;-4.58E-04
1086;0.00E+00;-4.57E-04
1087;0.00E+00;-4.57E-04
1088;0.00E+00;-4.56E-04
1089;0.00E+00;-4.56E-04
1090;0.00E+00;-4.55E-04
1091;0.00E+00;-4.55E-04
1092;0.00E+00;-4.54E-04
1093;0.00E+00;-4.54E-04
1094;0.00E+00;-4.53E-04
1095;0.00E+00;-4.53E-04
1096;0.00E+00;-4.52E-04
1097;0.00E+00;-4.52E-04
1098;0.00E+00;-4.51E-04
1099;0.00E+00;-4.51E-04
1100;0.00E+00;-4.50E-04
1101;0.00E+00;-4.50E-04
1102;0.00E+00;-4.49E-04
1103;0.00E+00;-4.49E-04
1104;0.00E+00;-4.48E-04
1105;0.00E+00;-4.48E-04
1106;0.00E+00;-4.47E-04
1107;0.00E+00;-4.47E-04
1108;0.00E+00;-4.46E-04
1109;0.00E+00;-4.46E-04
1110;0.00E+00;-4.45E-04
1111;0.00E+00;-4.45E-04
1112;0.00E+00;-4.44E-04
1113;0.00E+00;-4.44E-04
1114;0.00E+00;-4.43E-04
1115;0.00E+00;-4.43E-04
1116;-2.00E-02;-4.42E-04
1117;0.00E+00;-4.42E-04
1118;-2.00E-02;-4.41E-04
1119;0.00E+00;-4.41E-04
1120;0.00E+00;-4.40E-04
1121;0.00E+00;-4.40E-04
1122;-2.00E-02;-4.39E-04
1123;0.00E+00;-4.39E-04
1124;0.00E+00;-4.38E-04
1125;0.00E+00;-4.38E-04
1126;0.00E+00;-4.37E-04
1127;0.00E+00;-4.37E-04
1128;0.00E+00;-4.36E-04
1129;0.00E+00;-4.36E-04
1130;0.00E+00;-4.35E-04
1131;0.00E+00;-4.35E-04
1132;0.00E+00;-4.34E-04
1133;0.00E+00;-4.34E-04
1134;0.00E+00;-4.33E-04
1135;0.00E+00;-4.33E-04
1136;0.00E+00;-4.32E-04
1137;0.00E+00;-4.32E-04
1138;0.00E+00;-4.31E-04
1139;0.00E+00;-4.31E-04
1140;0.00E+00;-4.30E-04
1141;0.00E+00;-4.30E-04
1142;0.00E+00;-4.29E-04
1143;0.00E+00;-4.29E-04
1144;0.00E+00;-4.28E-04
1145;0.00E+00;-4.28E-04
1146;0.00E+00;-4.27E-04
1147;0.00E+00;-4.27E-04
1148;0.00E+00;-4.26E-04
1149;0.00E+00;-4.26E-04
1150;0.00E+00;-4.25E-04
1151;0.00E+00;-4.25E-04
1152;0.00E+00;-4.24E-04
1153;0.00E+00;-4.24E-04
1154;-2.00E-02;-4.23E-04
1155;0.00E+00;-4.23E-04
1156;0.00E+00;-4.22E-04
1157;0.00E+00;-4.22E-04
1158;0.00E+00;-4.21E-04
1159;0.00E+00;-4.21E-04
1160;0.00E+00;-4.20E-04
1161;0.00E+00;-4.20E-04
1162;0.00E+00;-4.19E-04
1163;0.00E+00;-4.19E-04
1164;0.00E+00;-4.18E-04
1165;0.00E+00;-4.18E-04
1166;0.00E+00;-4.17E-04
1167;0.00E+00;-4.17E-04
1168;0.00E+00;-4.16E-04
1169;0.00E+00;-4.16E-04
1170;0.00E+00;-4.15E-04
1171;0.00E+00;-4.15E-04
1172;0.00E+00;-4.14E-04
1173;-2.00E-02;-4.14E-04
1174;0.00E+00;-4.13E-04
1175;0.00E+00;-4.13E-04
1176;0.00E+00;-4.12E-04
1177;0.00E+00;-4.12E-04
1178;0.00E+00;-4.11E-04
1179;0.00E+00;-4.11E-04
1180;0.00E+00;-4.10E-04
1181;0.00E+00;-4.10E-04
1182;0.00E+00;-4.09E-04
1183;0.00E+00;-4.09E-04
1184;0.00E+00;-4.08E-04
1185;0.00E+00;-4.08E-04
1186;0.00E+00;-4.07E-04
1187;0.00E+00;-4.07E-04
1188;0.00E+00;-4.06E-04
1189;0.00E+00;-4.06E-04
1190;0.00E+00;-4.05E-04
1191;0.00E+00;-4.05E-04
1192;-2.00E-02;-4.04E-04
1193;0.00E+00;-4.04E-04
1194;0.00E+00;-4.03E-04
1195;0.00E+00;-4.03E-04
1196;0.00E+00;-4.02E-04
1197;0.00E+00;-4.02E-04
1198;0.00E+00;-4.01E-04
1199;0.00E+00;-4.01E-04
1200;-4.00E-02;-4.00E-04
1201;0.00E+00;-4.00E-04
1202;0.00E+00;-3.99E-04
1203;0.00E+00;-3.99E-04
1204;0.00E+00;-3.98E-04
1205;0.00E+00;-3.98E-04
1206;0.00E+00;-3.97E-04
1207;0.00E+00;-3.97E-04
1208;0.00E+00;-3.96E-04
1209;0.00E+00;-3.96E-04
1210;0.00E+00;-3.95E-04
1211;0.00E+00;-3.95E-04
1212;0.00E+00;-3.94E-04
1213;0.00E+00;-3.94E-04
1214;0.00E+00;-3.93E-04
1215;0.00E+00;-3.93E-04
1216;0.00E+00;-3.92E-04
1217;0.00E+00;-3.92E-04
1218;-2.00E-02;-3.91E-04
1219;0.00E+00;-3.91E-04
1220;0.00E+00;-3.90E-04
1221;0.00E+00;-3.90E-04
1222;0.00E+00;-3.89E-04
1223;0.00E+00;-3.89E-04
1224;-2.00E-02;-3.88E-04
1225;0.00E+00;-3.88E-04
1226;0.00E+00;-3.87E-04
1227;0.00E+00;-3.87E-04
1228;0.00E+00;-3.86E-04
1229;0.00E+00;-3.86E-04
1230;0.00E+00;-3.85E-04
1231;0.00E+00;-3.85E-04
1232;-2.00E-02;-3.84E-04
1233;0.00E+00;-3.84E-04
1234;0.00E+00;-3.83E-04
1235;0.00E+00;-3.83E-04
1236;0.00E+00;-3.82E-04
1237;0.00E+00;-3.82E-04
1238;0.00E+00;-3.81E-04
1239;0.00E+00;-3.81E-04
1240;0.00E+00;-3.80E-04
1241;0.00E+00;-3.80E-04
1242;0.00E+00;-3.79E-04
1243;0.00E+00;-3.79E-04
1244;-2.00E-02;-3.78E-04
1245;0.00E+00;-3.78E-04
1246;0.00E+00;-3.77E-04
1247;0.00E+00;-3.77E-04
1248;0.00E+00;-3.76E-04
1249;0.00E+00;-3.76E-04
1250;0.00E+00;-3.75E-04
1251;0.00E+00;-3.75E-04
1252;0.00E+00;-3.74E-04
1253;0.00E+00;-3.74E-04
1254;0.00E+00;-3.73E-04
1255;0.00E+00;-3.73E-04
1256;0.00E+00;-3.72E-04
1257;0.00E+00;-3.72E-04
1258;0.00E+00;-3.71E-04
1259;0.00E+00;-3.71E-04
1260;0.00E+00;-3.70E-04
1261;0.00E+00;-3.70E-04
1262;0.00E+00;-3.69E-04
1263;0.00E+00;-3.69E-04
1264;0.00E+00;-3.68E-04
1265;0.00E+00;-3.68E-04
1266;0.00E+00;-3.67E-04
1267;0.00E+00;-3.67E-04
1268;0.00E+00;-3.66E-04
1269;0.00E+00;-3.66E-04
1270;0.00E+00;-3.65E-04
1271;0.00E+00;-3.65E-04
1272;0.00E+00;-3.64E-04
1273;0.00E+00;-3.64E-04
1274;0.00E+00;-3.63E-04
1275;0.00E+00;-3.63E-04
1276;0.00E+00;-3.62E-04
1277;0.00E+00;-3.62E-04
1278;0.00E+00;-3.61E-04
1279;0.00E+00;-3.61E-04
1280;0.00E+00;-3.60E-04
1281;-2.00E-02;-3.60E-04
1282;0.00E+00;-3.59E-04
1283;0.00E+00;-3.59E-04
1284;0.00E+00;-3.58E-04
1285;0.00E+00;-3.58E-04
1286;0.00E+00;-3.57E-04
1287;0.00E+00;-3.57E-04
1288;0.00E+00;-3.56E-04
1289;0.00E+00;-3.56E-04
1290;0.00E+00;-3.55E-04
1291;0.00E+00;-3.55E-04
1292;0.00E+00;-3.54E-04
1293;0.00E+00;-3.54E-04
1294;0.00E+00;-3.53E-04
1295;0.00E+00;-3.53E-04
1296;0.00E+00;-3.52E-04
1297;0.00E+00;-3.52E-04
1298;0.00E+00;-3.51E-04
1299;0.00E+00;-3.51E-04
1300;0.00E+00;-3.50E-04
1301;0.00E+00;-3.50E-04
1302;0.00E+00;-3.49E-04
1303;0.00E+00;-3.49E-04
1304;0.00E+00;-3.48E-04
1305;0.00E+00;-3.48E-04
1306;0.00E+00;-3.47E-04
1307;0.00E+00;-3.47E-04
1308;0.00E+00;-3.46E-04
1309;0.00E+00;-3.46E-04
1310;0.00E+00;-3.45E-04
1311;0.00E+00;-3.45E-04
1312;0.00E+00;-3.44E-04
1313;0.00E+00;-3.44E-04
1314;0.00E+00;-3.43E-04
1315;0.00E+00;-3.43E-04
1316;0.00E+00;-3.42E-04
1317;0.00E+00;-3.42E-04
1318;0.00E+00;-3.41E-04
1319;0.00E+00;-3.41E-04
1320;0.00E+00;-3.40E-04
1321;0.00E+00;-3.40E-04
1322;0.00E+00;-3.39E-04
1323;0.00E+00;-3.39E-04
1324;0.00E+00;-3.38E-04
1325;0.00E+00;-3.38E-04
1326;0.00E+00;-3.37E-04
1327;0.00E+00;-3.37E-04
1328;0.00E+00;-3.36E-04
1329;0.00E+00;-3.36E-04
1330;0.00E+00;-3.35E-04
1331;0.00E+00;-3.35E-04
1332;0.00E+00;-3.34E-04
1333;0.00E+00;-3.34E-04
1334;0.00E+00;-3.33E-04
1335;0.00E+00;-3.33E-04
1336;0.00E+00;-3.32E-04
1337;0.00E+00;-3.32E-04
1338;0.00E+00;-3.31E-04
1339;0.00E+00;-3.31E-04
1340;-2.00E-02;-3.30E-04
1341;0.00E+00;-3.30E-04
1342;0.00E+00;-3.29E-04
1343;2.00E-02;-3.29E-04
1344;0.00E+00;-3.28E-04
1345;0.00E+00;-3.28E-04
1346;0.00E+00;-3.27E-04
1347;2.00E-02;-3.27E-04
1348;0.00E+00;-3.26E-04
1349;0.00E+00;-3.26E-04
1350;0.00E+00;-3.25E-04
1351;0.00E+00;-3.25E-04
1352;0.00E+00;-3.24E-04
1353;0.00E+00;-3.24E-04
1354;0.00E+00;-3.23E-04
1355;0.00E+00;-3.23E-04
1356;0.00E+00;-3.22E-04
1357;0.00E+00;-3.22E-04
1358;-2.00E-02;-3.21E-04
1359;0.00E+00;-3.21E-04
1360;0.00E+00;-3.20E-04
1361;2.00E-02;-3.20E-04
1362;0.00E+00;-3.19E-04
1363;2.00E-02;-3.19E-04
1364;-2.00E-02;-3.18E-04
1365;2.00E-02;-3.18E-04
1366;0.00E+00;-3.17E-04
1367;0.00E+00;-3.17E-04
1368;0.00E+00;-3.16E-04
1369;2.00E-02;-3.16E-04
1370;0.00E+00;-3.15E-04
1371;0.00E+00;-3.15E-04
1372;0.00E+00;-3.14E-04
1373;0.00E+00;-3.14E-04
1374;0.00E+00;-3.13E-04
1375;2.00E-02;-3.13E-04
1376;0.00E+00;-3.12E-04
1377;0.00E+00;-3.12E-04
1378;0.00E+00;-3.11E-04
1379;0.00E+00;-3.11E-04
1380;0.00E+00;-3.10E-04
1381;0.00E+00;-3.10E-04
1382;0.00E+00;-3.09E-04
1383;0.00E+00;-3.09E-04
1384;0.00E+00;-3.08E-04
1385;0.00E+00;-3.08E-04
1386;0.00E+00;-3.07E-04
1387;2.00E-02;-3.07E-04
1388;0.00E+00;-3.06E-04
1389;0.00E+00;-3.06E-04
1390;0.00E+00;-3.05E-04
1391;0.00E+00;-3.05E-04
1392;0.00E+00;-3.04E-04
1393;0.00E+00;-3.04E-04
1394;0.00E+00;-3.03E-04
1395;0.00E+00;-3.03E-04
1396;0.00E+00;-3.02E-04
1397;0.00E+00;-3.02E-04
1398;0.00E+00;-3.01E-04
1399;0.00E+00;-3.01E-04
1400;0.00E+00;-3.00E-04
1401;0.00E+00;-3.00E-04
1402;0.00E+00;-2.99E-04
1403;0.00E+00;-2.99E-04
1404;0.00E+00;-2.98E-04
1405;0.00E+00;-2.98E-04
1406;0.00E+00;-2.97E-04
1407;0.00E+00;-2.97E-04
1408;-2.00E-02;-2.96E-04
1409;0.00E+00;-2.96E-04
1410;0.00E+00;-2.95E-04
1411;0.00E+00;-2.95E-04
1412;2.00E-02;-2.94E-04
1413;2.00E-02;-2.94E-04
1414;0.00E+00;-2.93E-04
1415;0.00E+00;-2.93E-04
1416;0.00E+00;-2.92E-04
1417;0.00E+00;-2.92E-04
1418;0.00E+00;-2.91E-04
1419;0.00E+00;-2.91E-04
1420;0.00E+00;-2.90E-04
1421;0.00E+00;-2.90E-04
1422;0.00E+00;-2.89E-04
1423;0.00E+00;-2.89E-04
1424;0.00E+00;-2.88E-04
1425;0.00E+00;-2.88E-04
1426;0.00E+00;-2.87E-04
1427;0.00E+00;-2.87E-04
1428;0.00E+00;-2.86E-04
1429;0.00E+00;-2.86E-04
1430;0.00E+00;-2.85E-04
1431;0.00E+00;-2.85E-04
1432;0.00E+00;-2.84E-04
1433;0.00E+00;-2.84E-04
1434;0.00E+00;-2.83E-04
1435;0.00E+00;-2.83E-04
1436;0.00E+00;-2.82E-04
1437;0.00E+00;-2.82E-04
1438;0.00E+00;-2.81E-04
1439;0.00E+00;-2.81E-04
1440;0.00E+00;-2.80E-04
1441;0.00E+00;-2.80E-04
1442;0.00E+00;-2.79E-04
1443;0.00E+00;-2.79E-04
1444;0.00E+00;-2.78E-04
1445;0.00E+00;-2.78E-04
1446;0.00E+00;-2.77E-04
1447;0.00E+00;-2.77E-04
1448;0.00E+00;-2.76E-04
1449;0.00E+00;-2.76E-04
1450;0.00E+00;-2.75E-04
1451;0.00E+00;-2.75E-04
1452;0.00E+00;-2.74E-04
1453;0.00E+00;-2.74E-04
1454;0.00E+00;-2.73E-04
1455;0.00E+00;-2.73E-04
1456;0.00E+00;-2.72E-04
1457;0.00E+00;-2.72E-04
1458;0.00E+00;-2.71E-04
1459;0.00E+00;-2.71E-04
1460;0.00E+00;-2.70E-04
1461;0.00E+00;-2.70E-04
1462;0.00E+00;-2.69E-04
1463;0.00E+00;-2.69E-04
1464;0.00E+00;-2.68E-04
1465;0.00E+00;-2.68E-04
1466;0.00E+00;-2.67E-04
1467;0.00E+00;-2.67E-04
1468;0.00E+00;-2.66E-04
1469;0.00E+00;-2.66E-04
1470;0.00E+00;-2.65E-04
1471;2.00E-02;-2.65E-04
1472;0.00E+00;-2.64E-04
1473;0.00E+00;-2.64E-04
1474;0.00E+00;-2.63E-04
1475;0.00E+00;-2.63E-04
1476;0.00E+00;-2.62E-04
1477;0.00E+00;-2.62E-04
1478;0.00E+00;-2.61E-04
1479;0.00E+00;-2.61E-04
1480;0.00E+00;-2.60E-04
1481;0.00E+00;-2.60E-04
1482;0.00E+00;-2.59E-04
1483;0.00E+00;-2.59E-04
1484;0.00E+00;-2.58E-04
1485;0.00E+00;-2.58E-04
1486;0.00E+00;-2.57E-04
1487;0.00E+00;-2.57E-04
1488;0.00E+00;-2.56E-04
1489;2.00E-02;-2.56E-04
1490;0.00E+00;-2.55E-04
1491;0.00E+00;-2.55E-04
1492;0.00E+00;-2.54E-04
1493;0.00E+00;-2.54E-04
1494;2.00E-02;-2.53E-04
1495;0.00E+00;-2.53E-04
1496;0.00E+00;-2.52E-04
1497;0.00E+00;-2.52E-04
1498;0.00E+00;-2.51E-04
1499;0.00E+00;-2.51E-04
1500;0.00E+00;-2.50E-04
1501;0.00E+00;-2.50E-04
1502;0.00E+00;-2.49E-04
1503;0.00E+00;-2.49E-04
1504;0.00E+00;-2.48E-04
1505;0.00E+00;-2.48E-04
1506;0.00E+00;-2.47E-04
1507;0.00E+00;-2.47E-04
1508;0.00E+00;-2.46E-04
1509;0.00E+00;-2.46E-04
1510;-2.00E-02;-2.45E-04
1511;0.00E+00;-2.45E-04
1512;0.00E+00;-2.44E-04
1513;0.00E+00;-2.44E-04
1514;0.00E+00;-2.43E-04
1515;0.00E+00;-2.43E-04
1516;0.00E+00;-2.42E-04
1517;0.00E+00;-2.42E-04
1518;0.00E+00;-2.41E-04
1519;0.00E+00;-2.41E-04
1520;0.00E+00;-2.40E-04
1521;0.00E+00;-2.40E-04
1522;0.00E+00;-2.39E-04
1523;0.00E+00;-2.39E-04
1524;0.00E+00;-2.38E-04
1525;0.00E+00;-2.38E-04
1526;0.00E+00;-2.37E-04
1527;0.00E+00;-2.37E-04
1528;0.00E+00;-2.36E-04
1529;0.00E+00;-2.36E-04
1530;0.00E+00;-2.35E-04
1531;0.00E+00;-2.35E-04
1532;0.00E+00;-2.34E-04
1533;0.00E+00;-2.34E-04
1534;0.00E+00;-2.33E-04
1535;0.00E+00;-2.33E-04
1536;0.00E+00;-2.32E-04
1537;2.00E-02;-2.32E-04
1538;0.00E+00;-2.31E-04
1539;0.00E+00;-2.31E-04
1540;0.00E+00;-2.30E-04
1541;0.00E+00;-2.30E-04
1542;0.00E+00;-2.29E-04
1543;0.00E+00;-2.29E-04
1544;0.00E+00;-2.28E-04
1545;0.00E+00;-2.28E-04
1546;0.00E+00;-2.27E-04
1547;0.00E+00;-2.27E-04
1548;0.00E+00;-2.26E-04
1549;0.00E+00;-2.26E-04
1550;0.00E+00;-2.25E-04
1551;0.00E+00;-2.25E-04
1552;0.00E+00;-2.24E-04
1553;0.00E+00;-2.24E-04
1554;0.00E+00;-2.23E-04
1555;0.00E+00;-2.23E-04
1556;0.00E+00;-2.22E-04
1557;0.00E+00;-2.22E-04
1558;0.00E+00;-2.21E-04
1559;0.00E+00;-2.21E-04
1560;0.00E+00;-2.20E-04
1561;0.00E+00;-2.20E-04
1562;0.00E+00;-2.19E-04
1563;0.00E+00;-2.19E-04
1564;0.00E+00;-2.18E-04
1565;0.00E+00;-2.18E-04
1566;0.00E+00;-2.17E-04
1567;0.00E+00;-2.17E-04
1568;-2.00E-02;-2.16E-04
1569;0.00E+00;-2.16E-04
1570;0.00E+00;-2.15E-04
1571;0.00E+00;-2.15E-04
1572;0.00E+00;-2.14E-04
1573;0.00E+00;-2.14E-04
1574;0.00E+00;-2.13E-04
1575;0.00E+00;-2.13E-04
1576;0.00E+00;-2.12E-04
1577;0.00E+00;-2.12E-04
1578;0.00E+00;-2.11E-04
1579;0.00E+00;-2.11E-04
1580;0.00E+00;-2.10E-04
1581;0.00E+00;-2.10E-04
1582;0.00E+00;-2.09E-04
1583;0.00E+00;-2.09E-04
1584;0.00E+00;-2.08E-04
1585;0.00E+00;-2.08E-04
1586;0.00E+00;-2.07E-04
1587;0.00E+00;-2.07E-04
1588;0.00E+00;-2.06E-04
1589;2.00E-02;-2.06E-04
1590;0.00E+00;-2.05E-04
1591;0.00E+00;-2.05E-04
1592;0.00E+00;-2.04E-04
1593;0.00E+00;-2.04E-04
1594;0.00E+00;-2.03E-04
1595;0.00E+00;-2.03E-04
1596;0.00E+00;-2.02E-04
1597;2.00E-02;-2.02E-04
1598;0.00E+00;-2.01E-04
1599;0.00E+00;-2.01E-04
1600;0.00E+00;-2.00E-04
1601;0.00E+00;-2.00E-04
1602;0.00E+00;-1.99E-04
1603;2.00E-02;-1.99E-04
1604;0.00E+00;-1.98E-04
1605;0.00E+00;-1.98E-04
1606;0.00E+00;-1.97E-04
1607;0.00E+00;-1.97E-04
1608;0.00E+00;-1.96E-04
1609;2.00E-02;-1.96E-04
1610;0.00E+00;-1.95E-04
1611;0.00E+00;-1.95E-04
1612;-2.00E-02;-1.94E-04
1613;0.00E+00;-1.94E-04
1614;0.00E+00;-1.93E-04
1615;2.00E-02;-1.93E-04
1616;0.00E+00;-1.92E-04
1617;0.00E+00;-1.92E-04
1618;0.00E+00;-1.91E-04
1619;0.00E+00;-1.91E-04
1620;0.00E+00;-1.90E-04
1621;0.00E+00;-1.90E-04
1622;0.00E+00;-1.89E-04
1623;2.00E-02;-1.89E-04
1624;0.00E+00;-1.88E-04
1625;0.00E+00;-1.88E-04
1626;0.00E+00;-1.87E-04
1627;0.00E+00;-1.87E-04
1628;0.00E+00;-1.86E-04
1629;0.00E+00;-1.86E-04
1630;0.00E+00;-1.85E-04
1631;0.00E+00;-1.85E-04
1632;0.00E+00;-1.84E-04
1633;0.00E+00;-1.84E-04
1634;2.00E-02;-1.83E-04
1635;0.00E+00;-1.83E-04
1636;0.00E+00;-1.82E-04
1637;0.00E+00;-1.82E-04
1638;0.00E+00;-1.81E-04
1639;0.00E+00;-1.81E-04
1640;0.00E+00;-1.80E-04
1641;0.00E+00;-1.80E-04
1642;0.00E+00;-1.79E-04
1643;0.00E+00;-1.79E-04
1644;0.00E+00;-1.78E-04
1645;0.00E+00;-1.78E-04
1646;0.00E+00;-1.77E-04
1647;0.00E+00;-1.77E-04
1648;0.00E+00;-1.76E-04
1649;0.00E+00;-1.76E-04
1650;0.00E+00;-1.75E-04
1651;0.00E+00;-1.75E-04
1652;0.00E+00;-1.74E-04
1653;0.00E+00;-1.74E-04
1654;0.00E+00;-1.73E-04
1655;0.00E+00;-1.73E-04
1656;0.00E+00;-1.72E-04
1657;0.00E+00;-1.72E-04
1658;0.00E+00;-1.71E-04
1659;0.00E+00;-1.71E-04
1660;0.00E+00;-1.70E-04
1661;0.00E+00;-1.70E-04
1662;-2.00E-02;-1.69E-04
1663;0.00E+00;-1.69E-04
1664;0.00E+00;-1.68E-04
1665;0.00E+00;-1.68E-04
1666;2.00E-02;-1.67E-04
1667;0.00E+00;-1.67E-04
1668;0.00E+00;-1.66E-04
1669;0.00E+00;-1.66E-04
1670;0.00E+00;-1.65E-04
1671;0.00E+00;-1.65E-04
1672;0.00E+00;-1.64E-04
1673;0.00E+00;-1.64E-04
1674;0.00E+00;-1.63E-04
1675;0.00E+00;-1.63E-04
1676;-2.00E-02;-1.62E-04
1677;0.00E+00;-1.62E-04
1678;0.00E+00;-1.61E-04
1679;0.00E+00;-1.61E-04
1680;0.00E+00;-1.60E-04
1681;0.00E+00;-1.60E-04
1682;0.00E+00;-1.59E-04
1683;0.00E+00;-1.59E-04
1684;0.00E+00;-1.58E-04
1685;0.00E+00;-1.58E-04
1686;0.00E+00;-1.57E-04
1687;0.00E+00;-1.57E-04
1688;0.00E+00;-1.56E-04
1689;0.00E+00;-1.56E-04
1690;0.00E+00;-1.55E-04
1691;0.00E+00;-1.55E-04
1692;0.00E+00;-1.54E-04
1693;2.00E-02;-1.54E-04
1694;-2.00E-02;-1.53E-04
1695;0.00E+00;-1.53E-04
1696;0.00E+00;-1.52E-04
1697;0.00E+00;-1.52E-04
1698;0.00E+00;-1.51E-04
1699;0.00E+00;-1.51E-04
1700;-2.00E-02;-1.50E-04
1701;0.00E+00;-1.50E-04
1702;0.00E+00;-1.49E-04
1703;0.00E+00;-1.49E-04
1704;0.00E+00;-1.48E-04
1705;2.00E-02;-1.48E-04
1706;0.00E+00;-1.47E-04
1707;0.00E+00;-1.47E-04
1708;0.00E+00;-1.46E-04
1709;-2.00E-02;-1.46E-04
1710;0.00E+00;-1.45E-04
1711;0.00E+00;-1.45E-04
1712;-2.00E-02;-1.44E-04
1713;0.00E+00;-1.44E-04
1714;-2.00E-02;-1.43E-04
1715;0.00E+00;-1.43E-04
1716;0.00E+00;-1.42E-04
1717;0.00E+00;-1.42E-04
1718;0.00E+00;-1.41E-04
1719;2.00E-02;-1.41E-04
1720;0.00E+00;-1.40E-04
1721;2.00E-02;-1.40E-04
1722;0.00E+00;-1.39E-04
1723;0.00E+00;-1.39E-04
1724;0.00E+00;-1.38E-04
1725;0.00E+00;-1.38E-04
1726;0.00E+00;-1.37E-04
1727;0.00E+00;-1.37E-04
1728;0.00E+00;-1.36E-04
1729;2.00E-02;-1.36E-04
1730;0.00E+00;-1.35E-04
1731;0.00E+00;-1.35E-04
1732;0.00E+00;-1.34E-04
1733;2.00E-02;-1.34E-04
1734;0.00E+00;-1.33E-04
1735;2.00E-02;-1.33E-04
1736;0.00E+00;-1.32E-04
1737;0.00E+00;-1.32E-04
1738;0.00E+00;-1.31E-04
1739;0.00E+00;-1.31E-04
1740;0.00E+00;-1.30E-04
1741;0.00E+00;-1.30E-04
1742;0.00E+00;-1.29E-04
1743;0.00E+00;-1.29E-04
1744;0.00E+00;-1.28E-04
1745;0.00E+00;-1.28E-04
1746;0.00E+00;-1.27E-04
1747;0.00E+00;-1.27E-04
1748;0.00E+00;-1.26E-04
1749;0.00E+00;-1.26E-04
1750;0.00E+00;-1.25E-04
1751;0.00E+00;-1.25E-04
1752;0.00E+00;-1.24E-04
1753;0.00E+00;-1.24E-04
1754;0.00E+00;-1.23E-04
1755;0.00E+00;-1.23E-04
1756;0.00E+00;-1.22E-04
1757;0.00E+00;-1.22E-04
1758;0.00E+00;-1.21E-04
1759;0.00E+00;-1.21E-04
1760;0.00E+00;-1.20E-04
1761;0.00E+00;-1.20E-04
1762;0.00E+00;-1.19E-04
1763;0.00E+00;-1.19E-04
1764;-2.00E-02;-1.18E-04
1765;0.00E+00;-1.18E-04
1766;0.00E+00;-1.17E-04
1767;0.00E+00;-1.17E-04
1768;0.00E+00;-1.16E-04
1769;0.00E+00;-1.16E-04
1770;-2.00E-02;-1.15E-04
1771;0.00E+00;-1.15E-04
1772;0.00E+00;-1.14E-04
1773;0.00E+00;-1.14E-04
1774;0.00E+00;-1.13E-04
1775;0.00E+00;-1.13E-04
1776;0.00E+00;-1.12E-04
1777;0.00E+00;-1.12E-04
1778;0.00E+00;-1.11E-04
1779;0.00E+00;-1.11E-04
1780;0.00E+00;-1.10E-04
1781;0.00E+00;-1.10E-04
1782;0.00E+00;-1.09E-04
1783;0.00E+00;-1.09E-04
1784;-2.00E-02;-1.08E-04
1785;0.00E+00;-1.08E-04
1786;0.00E+00;-1.07E-04
1787;0.00E+00;-1.07E-04
1788;0.00E+00;-1.06E-04
1789;-2.00E-02;-1.06E-04
1790;0.00E+00;-1.05E-04
1791;0.00E+00;-1.05E-04
1792;0.00E+00;-1.04E-04
1793;0.00E+00;-1.04E-04
1794;0.00E+00;-1.03E-04
1795;0.00E+00;-1.03E-04
1796;0.00E+00;-1.02E-04
1797;0.00E+00;-1.02E-04
1798;0.00E+00;-1.01E-04
1799;0.00E+00;-1.01E-04
1800;0.00E+00;-1.00E-04
1801;0.00E+00;-9.95E-05
1802;0.00E+00;-9.90E-05
1803;0.00E+00;-9.85E-05
1804;0.00E+00;-9.80E-05
1805;0.00E+00;-9.75E-05
1806;0.00E+00;-9.70E-05
1807;-2.00E-02;-9.65E-05
1808;-2.00E-02;-9.60E-05
1809;0.00E+00;-9.55E-05
1810;0.00E+00;-9.50E-05
1811;0.00E+00;-9.45E-05
1812;0.00E+00;-9.40E-05
1813;0.00E+00;-9.35E-05
1814;0.00E+00;-9.30E-05
1815;0.00E+00;-9.25E-05
1816;0.00E+00;-9.20E-05
1817;0.00E+00;-9.15E-05
1818;2.00E-02;-9.10E-05
1819;0.00E+00;-9.05E-05
1820;0.00E+00;-9.00E-05
1821;0.00E+00;-8.95E-05
1822;0.00E+00;-8.90E-05
1823;0.00E+00;-8.85E-05
1824;0.00E+00;-8.80E-05
1825;0.00E+00;-8.75E-05
1826;0.00E+00;-8.70E-05
1827;0.00E+00;-8.65E-05
1828;0.00E+00;-8.60E-05
1829;0.00E+00;-8.55E-05
1830;0.00E+00;-8.50E-05
1831;0.00E+00;-8.45E-05
1832;0.00E+00;-8.40E-05
1833;0.00E+00;-8.35E-05
1834;0.00E+00;-8.30E-05
1835;0.00E+00;-8.25E-05
1836;0.00E+00;-8.20E-05
1837;0.00E+00;-8.15E-05
1838;0.00E+00;-8.10E-05
1839;0.00E+00;-8.05E-05
1840;-2.00E-02;-8.00E-05
1841;0.00E+00;-7.95E-05
1842;0.00E+00;-7.90E-05
1843;0.00E+00;-7.85E-05
1844;0.00E+00;-7.80E-05
1845;0.00E+00;-7.75E-05
1846;0.00E+00;-7.70E-05
1847;0.00E+00;-7.65E-05
1848;-2.00E-02;-7.60E-05
1849;0.00E+00;-7.55E-05
1850;-4.00E-02;-7.50E-05
1851;0.00E+00;-7.45E-05
1852;-2.00E-02;-7.40E-05
1853;0.00E+00;-7.35E-05
1854;0.00E+00;-7.30E-05
1855;0.00E+00;-7.25E-05
1856;0.00E+00;-7.20E-05
1857;2.00E-02;-7.15E-05
1858;0.00E+00;-7.10E-05
1859;0.00E+00;-7.05E-05
1860;0.00E+00;-7.00E-05
1861;0.00E+00;-6.95E-05
1862;0.00E+00;-6.90E-05
1863;0.00E+00;-6.85E-05
1864;-2.00E-02;-6.80E-05
1865;0.00E+00;-6.75E-05
1866;0.00E+00;-6.70E-05
1867;0.00E+00;-6.65E-05
1868;0.00E+00;-6.60E-05
1869;0.00E+00;-6.55E-05
1870;0.00E+00;-6.50E-05
1871;0.00E+00;-6.45E-05
1872;0.00E+00;-6.40E-05
1873;0.00E+00;-6.35E-05
1874;-2.00E-02;-6.30E-05
1875;0.00E+00;-6.25E-05
1876;0.00E+00;-6.20E-05
1877;0.00E+00;-6.15E-05
1878;-2.00E-02;-6.10E-05
1879;0.00E+00;-6.05E-05
1880;0.00E+00;-6.00E-05
1881;0.00E+00;-5.95E-05
1882;0.00E+00;-5.90E-05
1883;0.00E+00;-5.85E-05
1884;0.00E+00;-5.80E-05
1885;0.00E+00;-5.75E-05
1886;0.00E+00;-5.70E-05
1887;0.00E+00;-5.65E-05
1888;0.00E+00;-5.60E-05
1889;0.00E+00;-5.55E-05
1890;0.00E+00;-5.50E-05
1891;0.00E+00;-5.45E-05
1892;0.00E+00;-5.40E-05
1893;0.00E+00;-5.35E-05
1894;0.00E+00;-5.30E-05
1895;0.00E+00;-5.25E-05
1896;0.00E+00;-5.20E-05
1897;0.00E+00;-5.15E-05
1898;0.00E+00;-5.10E-05
1899;0.00E+00;-5.05E-05
1900;0.00E+00;-5.00E-05
1901;0.00E+00;-4.95E-05
1902;0.00E+00;-4.90E-05
1903;0.00E+00;-4.85E-05
1904;0.00E+00;-4.80E-05
1905;0.00E+00;-4.75E-05
1906;0.00E+00;-4.70E-05
1907;0.00E+00;-4.65E-05
1908;0.00E+00;-4.60E-05
1909;0.00E+00;-4.55E-05
1910;0.00E+00;-4.50E-05
1911;0.00E+00;-4.45E-05
1912;0.00E+00;-4.40E-05
1913;0.00E+00;-4.35E-05
1914;0.00E+00;-4.30E-05
1915;0.00E+00;-4.25E-05
1916;0.00E+00;-4.20E-05
1917;0.00E+00;-4.15E-05
1918;0.00E+00;-4.10E-05
1919;0.00E+00;-4.05E-05
1920;-2.00E-02;-4.00E-05
1921;0.00E+00;-3.95E-05
1922;0.00E+00;-3.90E-05
1923;0.00E+00;-3.85E-05
1924;0.00E+00;-3.80E-05
1925;0.00E+00;-3.75E-05
1926;0.00E+00;-3.70E-05
1927;0.00E+00;-3.65E-05
1928;0.00E+00;-3.60E-05
1929;0.00E+00;-3.55E-05
1930;0.00E+00;-3.50E-05
1931;0.00E+00;-3.45E-05
1932;0.00E+00;-3.40E-05
1933;0.00E+00;-3.35E-05
1934;0.00E+00;-3.30E-05
1935;0.00E+00;-3.25E-05
1936;0.00E+00;-3.20E-05
1937;0.00E+00;-3.15E-05
1938;0.00E+00;-3.10E-05
1939;0.00E+00;-3.05E-05
1940;0.00E+00;-3.00E-05
1941;2.00E-02;-2.95E-05
1942;0.00E+00;-2.90E-05
1943;0.00E+00;-2.85E-05
1944;0.00E+00;-2.80E-05
1945;0.00E+00;-2.75E-05
1946;0.00E+00;-2.70E-05
1947;0.00E+00;-2.65E-05
1948;-4.00E-02;-2.60E-05
1949;0.00E+00;-2.55E-05
1950;0.00E+00;-2.50E-05
1951;0.00E+00;-2.45E-05
1952;0.00E+00;-2.40E-05
1953;0.00E+00;-2.35E-05
1954;0.00E+00;-2.30E-05
1955;0.00E+00;-2.25E-05
1956;0.00E+00;-2.20E-05
1957;0.00E+00;-2.15E-05
1958;-2.00E-02;-2.10E-05
1959;0.00E+00;-2.05E-05
1960;0.00E+00;-2.00E-05
1961;0.00E+00;-1.95E-05
1962;0.00E+00;-1.90E-05
1963;0.00E+00;-1.85E-05
1964;0.00E+00;-1.80E-05
1965;0.00E+00;-1.75E-05
1966;0.00E+00;-1.70E-05
1967;0.00E+00;-1.65E-05
1968;-2.00E-02;-1.60E-05
1969;0.00E+00;-1.55E-05
1970;0.00E+00;-1.50E-05
1971;0.00E+00;-1.45E-05
1972;0.00E+00;-1.40E-05
1973;0.00E+00;-1.35E-05
1974;0.00E+00;-1.30E-05
1975;0.00E+00;-1.25E-05
1976;0.00E+00;-1.20E-05
1977;0.00E+00;-1.15E-05
1978;0.00E+00;-1.10E-05
1979;0.00E+00;-1.05E-05
1980;-2.00E-02;-1.00E-05
1981;0.00E+00;-9.50E-06
1982;0.00E+00;-9.00E-06
1983;0.00E+00;-8.50E-06
1984;0.00E+00;-8.00E-06
1985;0.00E+00;-7.50E-06
1986;-2.00E-02;-7.00E-06
1987;0.00E+00;-6.50E-06
1988;0.00E+00;-6.00E-06
1989;0.00E+00;-5.50E-06
1990;0.00E+00;-5.00E-06
1991;0.00E+00;-4.50E-06
1992;0.00E+00;-4.00E-06
1993;0.00E+00;-3.50E-06
1994;0.00E+00;-3.00E-06
1995;0.00E+00;-2.50E-06
1996;0.00E+00;-2.00E-06
1997;0.00E+00;-1.50E-06
1998;0.00E+00;-1.00E-06
1999;0.00E+00;-5.00E-07
2000;1.50E+00;0.00E+00
2001;1.44E+00;5.00E-07
2002;1.40E+00;1.00E-06
2003;1.36E+00;1.50E-06
2004;1.32E+00;2.00E-06
2005;1.30E+00;2.50E-06
2006;1.26E+00;3.00E-06
2007;1.24E+00;3.50E-06
2008;1.20E+00;4.00E-06
2009;1.18E+00;4.50E-06
2010;1.16E+00;5.00E-06
2011;1.14E+00;5.50E-06
2012;1.08E+00;6.00E-06
2013;1.08E+00;6.50E-06
2014;1.04E+00;7.00E-06
2015;1.04E+00;7.50E-06
2016;1.00E+00;8.00E-06
2017;9.80E-01;8.50E-06
2018;9.60E-01;9.00E-06
2019;9.20E-01;9.50E-06
2020;9.20E-01;1.00E-05
2021;8.80E-01;1.05E-05
2022;8.80E-01;1.10E-05
2023;8.40E-01;1.15E-05
2024;8.20E-01;1.20E-05
2025;7.60E-01;1.25E-05
2026;7.40E-01;1.30E-05
2027;7.20E-01;1.35E-05
2028;7.00E-01;1.40E-05
2029;6.80E-01;1.45E-05
2030;6.60E-01;1.50E-05
2031;6.40E-01;1.55E-05
2032;6.20E-01;1.60E-05
2033;6.20E-01;1.65E-05
2034;6.00E-01;1.70E-05
2035;5.80E-01;1.75E-05
2036;5.60E-01;1.80E-05
2037;5.60E-01;1.85E-05
2038;5.20E-01;1.90E-05
2039;5.20E-01;1.95E-05
2040;5.00E-01;2.00E-05
2041;5.00E-01;2.05E-05
2042;4.80E-01;2.10E-05
2043;4.80E-01;2.15E-05
2044;4.40E-01;2.20E-05
2045;4.40E-01;2.25E-05
2046;4.20E-01;2.30E-05
2047;4.20E-01;2.35E-05
2048;4.00E-01;2.40E-05
2049;3.80E-01;2.45E-05
2050;3.60E-01;2.50E-05
2051;3.60E-01;2.55E-05
2052;3.60E-01;2.60E-05
2053;3.40E-01;2.65E-05
2054;3.20E-01;2.70E-05
2055;3.20E-01;2.75E-05
2056;3.20E-01;2.80E-05
2057;3.00E-01;2.85E-05
2058;2.80E-01;2.90E-05
2059;2.80E-01;2.95E-05
2060;2.80E-01;3.00E-05
2061;2.60E-01;3.05E-05
2062;2.40E-01;3.10E-05
2063;2.40E-01;3.15E-05
2064;2.20E-01;3.20E-05
2065;2.40E-01;3.25E-05
2066;2.00E-01;3.30E-05
2067;2.00E-01;3.35E-05
2068;2.00E-01;3.40E-05
2069;1.80E-01;3.45E-05
2070;1.80E-01;3.50E-05
2071;1.60E-01;3.55E-05
2072;1.60E-01;3.60E-05
2073;1.80E-01;3.65E-05
2074;1.60E-01;3.70E-05
2075;1.60E-01;3.75E-05
2076;1.40E-01;3.80E-05
2077;1.40E-01;3.85E-05
2078;1.20E-01;3.90E-05
2079;1.20E-01;3.95E-05
2080;1.20E-01;4.00E-05
2081;1.20E-01;4.05E-05
2082;8.00E-02;4.10E-05
2083;1.00E-01;4.15E-05
2084;8.00E-02;4.20E-05
2085;8.00E-02;4.25E-05
2086;8.00E-02;4.30E-05
2087;8.00E-02;4.35E-05
2088;4.00E-02;4.40E-05
2089;6.00E-02;4.45E-05
2090;4.00E-02;4.50E-05
2091;4.00E-02;4.55E-05
2092;4.00E-02;4.60E-05
2093;4.00E-02;4.65E-05
2094;2.00E-02;4.70E-05
2095;2.00E-02;4.75E-05
2096;2.00E-02;4.80E-05
2097;2.00E-02;4.85E-05
2098;0.00E+00;4.90E-05
2099;2.00E-02;4.95E-05
2100;0.00E+00;5.00E-05
2101;0.00E+00;5.05E-05
2102;0.00E+00;5.10E-05
2103;0.00E+00;5.15E-05
2104;0.00E+00;5.20E-05
2105;0.00E+00;5.25E-05
2106;-2.00E-02;5.30E-05
2107;-2.00E-02;5.35E-05
2108;-2.00E-02;5.40E-05
2109;-2.00E-02;5.45E-05
2110;-4.00E-02;5.50E-05
2111;-2.00E-02;5.55E-05
2112;-4.00E-02;5.60E-05
2113;-2.00E-02;5.65E-05
2114;-4.00E-02;5.70E-05
2115;-4.00E-02;5.75E-05
2116;-4.00E-02;5.80E-05
2117;-4.00E-02;5.85E-05
2118;-4.00E-02;5.90E-05
2119;-4.00E-02;5.95E-05
2120;-6.00E-02;6.00E-05
2121;-6.00E-02;6.05E-05
2122;-6.00E-02;6.10E-05
2123;-6.00E-02;6.15E-05
2124;-6.00E-02;6.20E-05
2125;-6.00E-02;6.25E-05
2126;-6.00E-02;6.30E-05
2127;-6.00E-02;6.35E-05
2128;-6.00E-02;6.40E-05
2129;-6.00E-02;6.45E-05
2130;-6.00E-02;6.50E-05
2131;-8.00E-02;6.55E-05
2132;-6.00E-02;6.60E-05
2133;-8.00E-02;6.65E-05
2134;-8.00E-02;6.70E-05
2135;-8.00E-02;6.75E-05
2136;-8.00E-02;6.80E-05
2137;-8.00E-02;6.85E-05
2138;-8.00E-02;6.90E-05
2139;-8.00E-02;6.95E-05
2140;-8.00E-02;7.00E-05
2141;-8.00E-02;7.05E-05
2142;-8.00E-02;7.10E-05
2143;-8.00E-02;7.15E-05
2144;-8.00E-02;7.20E-05
2145;-8.00E-02;7.25E-05
2146;-8.00E-02;7.30E-05
2147;-8.00E-02;7.35E-05
2148;-8.00E-02;7.40E-05
2149;-8.00E-02;7.45E-05
2150;-8.00E-02;7.50E-05
2151;-8.00E-02;7.55E-05
2152;-8.00E-02;7.60E-05
2153;-8.00E-02;7.65E-05
2154;-8.00E-02;7.70E-05
2155;-8.00E-02;7.75E-05
2156;-8.00E-02;7.80E-05
2157;-8.00E-02;7.85E-05
2158;-8.00E-02;7.90E-05
2159;-8.00E-02;7.95E-05
2160;-8.00E-02;8.00E-05
2161;-8.00E-02;8.05E-05
2162;-8.00E-02;8.10E-05
2163;-8.00E-02;8.15E-05
2164;-8.00E-02;8.20E-05
2165;-8.00E-02;8.25E-05
2166;-8.00E-02;8.30E-05
2167;-8.00E-02;8.35E-05
2168;-8.00E-02;8.40E-05
2169;-8.00E-02;8.45E-05
2170;-8.00E-02;8.50E-05
2171;-8.00E-02;8.55E-05
2172;-8.00E-02;8.60E-05
2173;-8.00E-02;8.65E-05
2174;-8.00E-02;8.70E-05
2175;-8.00E-02;8.75E-05
2176;-8.00E-02;8.80E-05
2177;-1.00E-01;8.85E-05
2178;-8.00E-02;8.90E-05
2179;-8.00E-02;8.95E-05
2180;-8.00E-02;9.00E-05
2181;-8.00E-02;9.05E-05
2182;-8.00E-02;9.10E-05
2183;-1.00E-01;9.15E-05
2184;-1.00E-01;9.20E-05
2185;-8.00E-02;9.25E-05
2186;-8.00E-02;9.30E-05
2187;-8.00E-02;9.35E-05
2188;-8.00E-02;9.40E-05
2189;-8.00E-02;9.45E-05
2190;-1.00E-01;9.50E-05
2191;-8.00E-02;9.55E-05
2192;-8.00E-02;9.60E-05
2193;-8.00E-02;9.65E-05
2194;-8.00E-02;9.70E-05
2195;-8.00E-02;9.75E-05
2196;-8.00E-02;9.80E-05
2197;-8.00E-02;9.85E-05
2198;-8.00E-02;9.90E-05
2199;-8.00E-02;9.95E-05
2200;-8.00E-02;1.00E-04
2201;-6.00E-02;1.01E-04
2202;-8.00E-02;1.01E-04
2203;-8.00E-02;1.02E-04
2204;-8.00E-02;1.02E-04
2205;-8.00E-02;1.03E-04
2206;-8.00E-02;1.03E-04
2207;-8.00E-02;1.04E-04
2208;-8.00E-02;1.04E-04
2209;-8.00E-02;1.05E-04
2210;-8.00E-02;1.05E-04
2211;-8.00E-02;1.06E-04
2212;-8.00E-02;1.06E-04
2213;-6.00E-02;1.07E-04
2214;-8.00E-02;1.07E-04
2215;-8.00E-02;1.08E-04
2216;-8.00E-02;1.08E-04
2217;-6.00E-02;1.09E-04
2218;-8.00E-02;1.09E-04
2219;-6.00E-02;1.10E-04
2220;-8.00E-02;1.10E-04
2221;-8.00E-02;1.11E-04
2222;-8.00E-02;1.11E-04
2223;-6.00E-02;1.12E-04
2224;-8.00E-02;1.12E-04
2225;-6.00E-02;1.13E-04
2226;-8.00E-02;1.13E-04
2227;-4.00E-02;1.14E-04
2228;-8.00E-02;1.14E-04
2229;-6.00E-02;1.15E-04
2230;-6.00E-02;1.15E-04
2231;-6.00E-02;1.16E-04
2232;-8.00E-02;1.16E-04
2233;-6.00E-02;1.17E-04
2234;-8.00E-02;1.17E-04
2235;-8.00E-02;1.18E-04
2236;-8.00E-02;1.18E-04
2237;-6.00E-02;1.19E-04
2238;-8.00E-02;1.19E-04
2239;-6.00E-02;1.20E-04
2240;-8.00E-02;1.20E-04
2241;-8.00E-02;1.21E-04
2242;-6.00E-02;1.21E-04
2243;-6.00E-02;1.22E-04
2244;-8.00E-02;1.22E-04
2245;-6.00E-02;1.23E-04
2246;-8.00E-02;1.23E-04
2247;-6.00E-02;1.24E-04
2248;-8.00E-02;1.24E-04
2249;-6.00E-02;1.25E-04
2250;-8.00E-02;1.25E-04
2251;-6.00E-02;1.26E-04
2252;-6.00E-02;1.26E-04
2253;-6.00E-02;1.27E-04
2254;-8.00E-02;1.27E-04
2255;-6.00E-02;1.28E-04
2256;-6.00E-02;1.28E-04
2257;-6.00E-02;1.29E-04
2258;-8.00E-02;1.29E-04
2259;-8.00E-02;1.30E-04
2260;-6.00E-02;1.30E-04
2261;-6.00E-02;1.31E-04
2262;-6.00E-02;1.31E-04
2263;-6.00E-02;1.32E-04
2264;-6.00E-02;1.32E-04
2265;-6.00E-02;1.33E-04
2266;-8.00E-02;1.33E-04
2267;-6.00E-02;1.34E-04
2268;-6.00E-02;1.34E-04
2269;-6.00E-02;1.35E-04
2270;-6.00E-02;1.35E-04
2271;-6.00E-02;1.36E-04
2272;-6.00E-02;1.36E-04
2273;-6.00E-02;1.37E-04
2274;-6.00E-02;1.37E-04
2275;-6.00E-02;1.38E-04
2276;-6.00E-02;1.38E-04
2277;-6.00E-02;1.39E-04
2278;-6.00E-02;1.39E-04
2279;-8.00E-02;1.40E-04
2280;-6.00E-02;1.40E-04
2281;-6.00E-02;1.41E-04
2282;-4.00E-02;1.41E-04
2283;-6.00E-02;1.42E-04
2284;-4.00E-02;1.42E-04
2285;-8.00E-02;1.43E-04
2286;-6.00E-02;1.43E-04
2287;-4.00E-02;1.44E-04
2288;-4.00E-02;1.44E-04
2289;-6.00E-02;1.45E-04
2290;-4.00E-02;1.45E-04
2291;-6.00E-02;1.46E-04
2292;-6.00E-02;1.46E-04
2293;-6.00E-02;1.47E-04
2294;-6.00E-02;1.47E-04
2295;-6.00E-02;1.48E-04
2296;-6.00E-02;1.48E-04
2297;-6.00E-02;1.49E-04
2298;-6.00E-02;1.49E-04
2299;-6.00E-02;1.50E-04
2300;-6.00E-02;1.50E-04
2301;-6.00E-02;1.51E-04
2302;-4.00E-02;1.51E-04
2303;-6.00E-02;1.52E-04
2304;-6.00E-02;1.52E-04
2305;-4.00E-02;1.53E-04
2306;-6.00E-02;1.53E-04
2307;-6.00E-02;1.54E-04
2308;-4.00E-02;1.54E-04
2309;-4.00E-02;1.55E-04
2310;-6.00E-02;1.55E-04
2311;-6.00E-02;1.56E-04
2312;-6.00E-02;1.56E-04
2313;-4.00E-02;1.57E-04
2314;-4.00E-02;1.57E-04
2315;-4.00E-02;1.58E-04
2316;-6.00E-02;1.58E-04
2317;-6.00E-02;1.59E-04
2318;-4.00E-02;1.59E-04
2319;-4.00E-02;1.60E-04
2320;-4.00E-02;1.60E-04
2321;-4.00E-02;1.61E-04
2322;-4.00E-02;1.61E-04
2323;-6.00E-02;1.62E-04
2324;-4.00E-02;1.62E-04
2325;-4.00E-02;1.63E-04
2326;-4.00E-02;1.63E-04
2327;-4.00E-02;1.64E-04
2328;-6.00E-02;1.64E-04
2329;-4.00E-02;1.65E-04
2330;-4.00E-02;1.65E-04
2331;-4.00E-02;1.66E-04
2332;-4.00E-02;1.66E-04
2333;-4.00E-02;1.67E-04
2334;-4.00E-02;1.67E-04
2335;-4.00E-02;1.68E-04
2336;-6.00E-02;1.68E-04
2337;-4.00E-02;1.69E-04
2338;-6.00E-02;1.69E-04
2339;-4.00E-02;1.70E-04
2340;-6.00E-02;1.70E-04
2341;-4.00E-02;1.71E-04
2342;-4.00E-02;1.71E-04
2343;-4.00E-02;1.72E-04
2344;-4.00E-02;1.72E-04
2345;-4.00E-02;1.73E-04
2346;-4.00E-02;1.73E-04
2347;-4.00E-02;1.74E-04
2348;-6.00E-02;1.74E-04
2349;-4.00E-02;1.75E-04
2350;-4.00E-02;1.75E-04
2351;-4.00E-02;1.76E-04
2352;-4.00E-02;1.76E-04
2353;-4.00E-02;1.77E-04
2354;-4.00E-02;1.77E-04
2355;-4.00E-02;1.78E-04
2356;-4.00E-02;1.78E-04
2357;-4.00E-02;1.79E-04
2358;-4.00E-02;1.79E-04
2359;-4.00E-02;1.80E-04
2360;-4.00E-02;1.80E-04
2361;-4.00E-02;1.81E-04
2362;-4.00E-02;1.81E-04
2363;-4.00E-02;1.82E-04
2364;-4.00E-02;1.82E-04
2365;-4.00E-02;1.83E-04
2366;-4.00E-02;1.83E-04
2367;-4.00E-02;1.84E-04
2368;-4.00E-02;1.84E-04
2369;-4.00E-02;1.85E-04
2370;-4.00E-02;1.85E-04
2371;-4.00E-02;1.86E-04
2372;-4.00E-02;1.86E-04
2373;-4.00E-02;1.87E-04
2374;-4.00E-02;1.87E-04
2375;-4.00E-02;1.88E-04
2376;-4.00E-02;1.88E-04
2377;-4.00E-02;1.89E-04
2378;-4.00E-02;1.89E-04
2379;-4.00E-02;1.90E-04
2380;-4.00E-02;1.90E-04
2381;-4.00E-02;1.91E-04
2382;-4.00E-02;1.91E-04
2383;-4.00E-02;1.92E-04
2384;-4.00E-02;1.92E-04
2385;-4.00E-02;1.93E-04
2386;-4.00E-02;1.93E-04
2387;-4.00E-02;1.94E-04
2388;-4.00E-02;1.94E-04
2389;-2.00E-02;1.95E-04
2390;-4.00E-02;1.95E-04
2391;-4.00E-02;1.96E-04
2392;-4.00E-02;1.96E-04
2393;-4.00E-02;1.97E-04
2394;-4.00E-02;1.97E-04
2395;-4.00E-02;1.98E-04
2396;-4.00E-02;1.98E-04
2397;-4.00E-02;1.99E-04
2398;-4.00E-02;1.99E-04
2399;-4.00E-02;2.00E-04
2400;-4.00E-02;2.00E-04
2401;-2.00E-02;2.01E-04
2402;-4.00E-02;2.01E-04
2403;-4.00E-02;2.02E-04
2404;-4.00E-02;2.02E-04
2405;-2.00E-02;2.03E-04
2406;-4.00E-02;2.03E-04
2407;-2.00E-02;2.04E-04
2408;-4.00E-02;2.04E-04
2409;-4.00E-02;2.05E-04
2410;-2.00E-02;2.05E-04
2411;-4.00E-02;2.06E-04
2412;-4.00E-02;2.06E-04
2413;-4.00E-02;2.07E-04
2414;-4.00E-02;2.07E-04
2415;-4.00E-02;2.08E-04
2416;-4.00E-02;2.08E-04
2417;-2.00E-02;2.09E-04
2418;-4.00E-02;2.09E-04
2419;-4.00E-02;2.10E-04
2420;-4.00E-02;2.10E-04
2421;-2.00E-02;2.11E-04
2422;-2.00E-02;2.11E-04
2423;-4.00E-02;2.12E-04
2424;-4.00E-02;2.12E-04
2425;-2.00E-02;2.13E-04
2426;-4.00E-02;2.13E-04
2427;-2.00E-02;2.14E-04
2428;-4.00E-02;2.14E-04
2429;-2.00E-02;2.15E-04
2430;-4.00E-02;2.15E-04
2431;-4.00E-02;2.16E-04
2432;-4.00E-02;2.16E-04
2433;-2.00E-02;2.17E-04
2434;-4.00E-02;2.17E-04
2435;-2.00E-02;2.18E-04
2436;-2.00E-02;2.18E-04
2437;-4.00E-02;2.19E-04
2438;-4.00E-02;2.19E-04
2439;-2.00E-02;2.20E-04
2440;-2.00E-02;2.20E-04
2441;0.00E+00;2.21E-04
2442;-2.00E-02;2.21E-04
2443;0.00E+00;2.22E-04
2444;-4.00E-02;2.22E-04
2445;-2.00E-02;2.23E-04
2446;-4.00E-02;2.23E-04
2447;0.00E+00;2.24E-04
2448;-4.00E-02;2.24E-04
2449;-2.00E-02;2.25E-04
2450;-4.00E-02;2.25E-04
2451;-2.00E-02;2.26E-04
2452;-4.00E-02;2.26E-04
2453;-2.00E-02;2.27E-04
2454;-4.00E-02;2.27E-04
2455;0.00E+00;2.28E-04
2456;-4.00E-02;2.28E-04
2457;-4.00E-02;2.29E-04
2458;-4.00E-02;2.29E-04
2459;-2.00E-02;2.30E-04
2460;-2.00E-02;2.30E-04
2461;-2.00E-02;2.31E-04
2462;-4.00E-02;2.31E-04
2463;-2.00E-02;2.32E-04
2464;-2.00E-02;2.32E-04
2465;-2.00E-02;2.33E-04
2466;-2.00E-02;2.33E-04
2467;0.00E+00;2.34E-04
2468;-2.00E-02;2.34E-04
2469;-2.00E-02;2.35E-04
2470;-4.00E-02;2.35E-04
2471;-2.00E-02;2.36E-04
2472;-2.00E-02;2.36E-04
2473;-2.00E-02;2.37E-04
2474;-4.00E-02;2.37E-04
2475;-4.00E-02;2.38E-04
2476;-4.00E-02;2.38E-04
2477;-4.00E-02;2.39E-04
2478;-2.00E-02;2.39E-04
2479;-2.00E-02;2.40E-04
2480;-2.00E-02;2.40E-04
2481;-2.00E-02;2.41E-04
2482;-4.00E-02;2.41E-04
2483;0.00E+00;2.42E-04
2484;-2.00E-02;2.42E-04
2485;-2.00E-02;2.43E-04
2486;-2.00E-02;2.43E-04
2487;-2.00E-02;2.44E-04
2488;-4.00E-02;2.44E-04
2489;-4.00E-02;2.45E-04
2490;-4.00E-02;2.45E-04
2491;-2.00E-02;2.46E-04
2492;-2.00E-02;2.46E-04
2493;-2.00E-02;2.47E-04
2494;-2.00E-02;2.47E-04
2495;-4.00E-02;2.48E-04
2496;-2.00E-02;2.48E-04
2497;-2.00E-02;2.49E-04
2498;-4.00E-02;2.49E-04
2499;-4.00E-02;2.50E-04
2500;-4.00E-02;2.50E-04
2501;-4.00E-02;2.51E-04
2502;-4.00E-02;2.51E-04
2503;-4.00E-02;2.52E-04
2504;-4.00E-02;2.52E-04
2505;-4.00E-02;2.53E-04
2506;-4.00E-02;2.53E-04
2507;-4.00E-02;2.54E-04
2508;-4.00E-02;2.54E-04
2509;-2.00E-02;2.55E-04
2510;-4.00E-02;2.55E-04
2511;-2.00E-02;2.56E-04
2512;-2.00E-02;2.56E-04
2513;-2.00E-02;2.57E-04
2514;-4.00E-02;2.57E-04
2515;-4.00E-02;2.58E-04
2516;-2.00E-02;2.58E-04
2517;-2.00E-02;2.59E-04
2518;-2.00E-02;2.59E-04
2519;-2.00E-02;2.60E-04
2520;-2.00E-02;2.60E-04
2521;0.00E+00;2.61E-04
2522;-2.00E-02;2.61E-04
2523;-2.00E-02;2.62E-04
2524;-2.00E-02;2.62E-04
2525;-2.00E-02;2.63E-04
2526;-4.00E-02;2.63E-04
2527;-2.00E-02;2.64E-04
2528;-4.00E-02;2.64E-04
2529;-2.00E-02;2.65E-04
2530;-2.00E-02;2.65E-04
2531;-2.00E-02;2.66E-04
2532;-4.00E-02;2.66E-04
2533;-2.00E-02;2.67E-04
2534;-2.00E-02;2.67E-04
2535;-2.00E-02;2.68E-04
2536;-4.00E-02;2.68E-04
2537;-2.00E-02;2.69E-04
2538;-2.00E-02;2.69E-04
2539;-2.00E-02;2.70E-04
2540;-4.00E-02;2.70E-04
2541;-2.00E-02;2.71E-04
2542;-2.00E-02;2.71E-04
2543;-2.00E-02;2.72E-04
2544;-2.00E-02;2.72E-04
2545;-4.00E-02;2.73E-04
2546;-4.00E-02;2.73E-04
2547;0.00E+00;2.74E-04
2548;-4.00E-02;2.74E-04
2549;-2.00E-02;2.75E-04
2550;-2.00E-02;2.75E-04
2551;0.00E+00;2.76E-04
2552;-4.00E-02;2.76E-04
2553;-2.00E-02;2.77E-04
2554;-2.00E-02;2.77E-04
2555;0.00E+00;2.78E-04
2556;-2.00E-02;2.78E-04
2557;0.00E+00;2.79E-04
2558;-4.00E-02;2.79E-04
2559;-2.00E-02;2.80E-04
2560;-2.00E-02;2.80E-04
2561;0.00E+00;2.81E-04
2562;-2.00E-02;2.81E-04
2563;0.00E+00;2.82E-04
2564;-4.00E-02;2.82E-04
2565;-2.00E-02;2.83E-04
2566;-2.00E-02;2.83E-04
2567;0.00E+00;2.84E-04
2568;-2.00E-02;2.84E-04
2569;0.00E+00;2.85E-04
2570;0.00E+00;2.85E-04
2571;-2.00E-02;2.86E-04
2572;-2.00E-02;2.86E-04
2573;0.00E+00;2.87E-04
2574;-2.00E-02;2.87E-04
2575;0.00E+00;2.88E-04
2576;-2.00E-02;2.88E-04
2577;0.00E+00;2.89E-04
2578;-4.00E-02;2.89E-04
2579;0.00E+00;2.90E-04
2580;-2.00E-02;2.90E-04
2581;0.00E+00;2.91E-04
2582;-2.00E-02;2.91E-04
2583;-4.00E-02;2.92E-04
2584;-2.00E-02;2.92E-04
2585;0.00E+00;2.93E-04
2586;-2.00E-02;2.93E-04
2587;0.00E+00;2.94E-04
2588;-2.00E-02;2.94E-04
2589;0.00E+00;2.95E-04
2590;-2.00E-02;2.95E-04
2591;0.00E+00;2.96E-04
2592;-4.00E-02;2.96E-04
2593;0.00E+00;2.97E-04
2594;-2.00E-02;2.97E-04
2595;0.00E+00;2.98E-04
2596;-2.00E-02;2.98E-04
2597;-2.00E-02;2.99E-04
2598;0.00E+00;2.99E-04
2599;0.00E+00;3.00E-04
2600;-2.00E-02;3.00E-04
2601;0.00E+00;3.01E-04
2602;-2.00E-02;3.01E-04
2603;-2.00E-02;3.02E-04
2604;-2.00E-02;3.02E-04
2605;0.00E+00;3.03E-04
2606;-2.00E-02;3.03E-04
2607;-2.00E-02;3.04E-04
2608;-2.00E-02;3.04E-04
2609;-2.00E-02;3.05E-04
2610;-2.00E-02;3.05E-04
2611;-2.00E-02;3.06E-04
2612;-2.00E-02;3.06E-04
2613;-2.00E-02;3.07E-04
2614;-2.00E-02;3.07E-04
2615;-2.00E-02;3.08E-04
2616;-2.00E-02;3.08E-04
2617;0.00E+00;3.09E-04
2618;-2.00E-02;3.09E-04
2619;0.00E+00;3.10E-04
2620;-2.00E-02;3.10E-04
2621;0.00E+00;3.11E-04
2622;-2.00E-02;3.11E-04
2623;0.00E+00;3.12E-04
2624;-2.00E-02;3.12E-04
2625;-2.00E-02;3.13E-04
2626;0.00E+00;3.13E-04
2627;0.00E+00;3.14E-04
2628;-2.00E-02;3.14E-04
2629;0.00E+00;3.15E-04
2630;-2.00E-02;3.15E-04
2631;-2.00E-02;3.16E-04
2632;0.00E+00;3.16E-04
2633;0.00E+00;3.17E-04
2634;-2.00E-02;3.17E-04
2635;-2.00E-02;3.18E-04
2636;-2.00E-02;3.18E-04
2637;0.00E+00;3.19E-04
2638;0.00E+00;3.19E-04
2639;0.00E+00;3.20E-04
2640;0.00E+00;3.20E-04
2641;-2.00E-02;3.21E-04
2642;-2.00E-02;3.21E-04
2643;0.00E+00;3.22E-04
2644;0.00E+00;3.22E-04
2645;0.00E+00;3.23E-04
2646;-2.00E-02;3.23E-04
2647;-2.00E-02;3.24E-04
2648;0.00E+00;3.24E-04
2649;0.00E+00;3.25E-04
2650;0.00E+00;3.25E-04
2651;0.00E+00;3.26E-04
2652;0.00E+00;3.26E-04
2653;-4.00E-02;3.27E-04
2654;0.00E+00;3.27E-04
2655;-2.00E-02;3.28E-04
2656;0.00E+00;3.28E-04
2657;0.00E+00;3.29E-04
2658;0.00E+00;3.29E-04
2659;-2.00E-02;3.30E-04
2660;-2.00E-02;3.30E-04
2661;0.00E+00;3.31E-04
2662;0.00E+00;3.31E-04
2663;0.00E+00;3.32E-04
2664;0.00E+00;3.32E-04
2665;0.00E+00;3.33E-04
2666;0.00E+00;3.33E-04
2667;-2.00E-02;3.34E-04
2668;0.00E+00;3.34E-04
2669;0.00E+00;3.35E-04
2670;0.00E+00;3.35E-04
2671;0.00E+00;3.36E-04
2672;-2.00E-02;3.36E-04
2673;-2.00E-02;3.37E-04
2674;0.00E+00;3.37E-04
2675;0.00E+00;3.38E-04
2676;0.00E+00;3.38E-04
2677;-2.00E-02;3.39E-04
2678;0.00E+00;3.39E-04
2679;0.00E+00;3.40E-04
2680;-2.00E-02;3.40E-04
2681;0.00E+00;3.41E-04
2682;-2.00E-02;3.41E-04
2683;0.00E+00;3.42E-04
2684;0.00E+00;3.42E-04
2685;0.00E+00;3.43E-04
2686;-2.00E-02;3.43E-04
2687;0.00E+00;3.44E-04
2688;0.00E+00;3.44E-04
2689;0.00E+00;3.45E-04
2690;-2.00E-02;3.45E-04
2691;0.00E+00;3.46E-04
2692;-2.00E-02;3.46E-04
2693;0.00E+00;3.47E-04
2694;0.00E+00;3.47E-04
2695;0.00E+00;3.48E-04
2696;-2.00E-02;3.48E-04
2697;0.00E+00;3.49E-04
2698;-2.00E-02;3.49E-04
2699;0.00E+00;3.50E-04
2700;-2.00E-02;3.50E-04
2701;0.00E+00;3.51E-04
2702;0.00E+00;3.51E-04
2703;0.00E+00;3.52E-04
2704;-2.00E-02;3.52E-04
2705;0.00E+00;3.53E-04
2706;-2.00E-02;3.53E-04
2707;0.00E+00;3.54E-04
2708;-2.00E-02;3.54E-04
2709;0.00E+00;3.55E-04
2710;0.00E+00;3.55E-04
2711;0.00E+00;3.56E-04
2712;-2.00E-02;3.56E-04
2713;0.00E+00;3.57E-04
2714;-2.00E-02;3.57E-04
2715;0.00E+00;3.58E-04
2716;-2.00E-02;3.58E-04
2717;0.00E+00;3.59E-04
2718;-2.00E-02;3.59E-04
2719;0.00E+00;3.60E-04
2720;0.00E+00;3.60E-04
2721;0.00E+00;3.61E-04
2722;0.00E+00;3.61E-04
2723;0.00E+00;3.62E-04
2724;-2.00E-02;3.62E-04
2725;0.00E+00;3.63E-04
2726;-2.00E-02;3.63E-04
2727;0.00E+00;3.64E-04
2728;-2.00E-02;3.64E-04
2729;0.00E+00;3.65E-04
2730;-2.00E-02;3.65E-04
2731;0.00E+00;3.66E-04
2732;-2.00E-02;3.66E-04
2733;0.00E+00;3.67E-04
2734;-2.00E-02;3.67E-04
2735;0.00E+00;3.68E-04
2736;-2.00E-02;3.68E-04
2737;0.00E+00;3.69E-04
2738;0.00E+00;3.69E-04
2739;0.00E+00;3.70E-04
2740;0.00E+00;3.70E-04
2741;0.00E+00;3.71E-04
2742;-2.00E-02;3.71E-04
2743;0.00E+00;3.72E-04
2744;0.00E+00;3.72E-04
2745;0.00E+00;3.73E-04
2746;-2.00E-02;3.73E-04
2747;0.00E+00;3.74E-04
2748;0.00E+00;3.74E-04
2749;-2.00E-02;3.75E-04
2750;0.00E+00;3.75E-04
2751;-2.00E-02;3.76E-04
2752;0.00E+00;3.76E-04
2753;0.00E+00;3.77E-04
2754;0.00E+00;3.77E-04
2755;0.00E+00;3.78E-04
2756;0.00E+00;3.78E-04
2757;0.00E+00;3.79E-04
2758;0.00E+00;3.79E-04
2759;0.00E+00;3.80E-04
2760;0.00E+00;3.80E-04
2761;-2.00E-02;3.81E-04
2762;-2.00E-02;3.81E-04
2763;0.00E+00;3.82E-04
2764;0.00E+00;3.82E-04
2765;0.00E+00;3.83E-04
2766;0.00E+00;3.83E-04
2767;0.00E+00;3.84E-04
2768;-2.00E-02;3.84E-04
2769;0.00E+00;3.85E-04
2770;0.00E+00;3.85E-04
2771;0.00E+00;3.86E-04
2772;0.00E+00;3.86E-04
2773;0.00E+00;3.87E-04
2774;0.00E+00;3.87E-04
2775;0.00E+00;3.88E-04
2776;0.00E+00;3.88E-04
2777;0.00E+00;3.89E-04
2778;0.00E+00;3.89E-04
2779;0.00E+00;3.90E-04
2780;0.00E+00;3.90E-04
2781;0.00E+00;3.91E-04
2782;0.00E+00;3.91E-04
2783;0.00E+00;3.92E-04
2784;0.00E+00;3.92E-04
2785;0.00E+00;3.93E-04
2786;-2.00E-02;3.93E-04
2787;-2.00E-02;3.94E-04
2788;0.00E+00;3.94E-04
2789;0.00E+00;3.95E-04
2790;0.00E+00;3.95E-04
2791;0.00E+00;3.96E-04
2792;0.00E+00;3.96E-04
2793;-2.00E-02;3.97E-04
2794;-2.00E-02;3.97E-04
2795;0.00E+00;3.98E-04
2796;-2.00E-02;3.98E-04
2797;0.00E+00;3.99E-04
2798;-2.00E-02;3.99E-04
2799;0.00E+00;4.00E-04
2800;0.00E+00;4.00E-04
2801;0.00E+00;4.01E-04
2802;0.00E+00;4.01E-04
2803;0.00E+00;4.02E-04
2804;-2.00E-02;4.02E-04
2805;0.00E+00;4.03E-04
2806;0.00E+00;4.03E-04
2807;0.00E+00;4.04E-04
2808;0.00E+00;4.04E-04
2809;0.00E+00;4.05E-04
2810;0.00E+00;4.05E-04
2811;0.00E+00;4.06E-04
2812;-2.00E-02;4.06E-04
2813;0.00E+00;4.07E-04
2814;-2.00E-02;4.07E-04
2815;0.00E+00;4.08E-04
2816;-2.00E-02;4.08E-04
2817;0.00E+00;4.09E-04
2818;-2.00E-02;4.09E-04
2819;0.00E+00;4.10E-04
2820;0.00E+00;4.10E-04
2821;0.00E+00;4.11E-04
2822;0.00E+00;4.11E-04
2823;0.00E+00;4.12E-04
2824;0.00E+00;4.12E-04
2825;0.00E+00;4.13E-04
2826;-2.00E-02;4.13E-04
2827;0.00E+00;4.14E-04
2828;0.00E+00;4.14E-04
2829;0.00E+00;4.15E-04
2830;-2.00E-02;4.15E-04
2831;0.00E+00;4.16E-04
2832;-2.00E-02;4.16E-04
2833;0.00E+00;4.17E-04
2834;-2.00E-02;4.17E-04
2835;0.00E+00;4.18E-04
2836;-2.00E-02;4.18E-04
2837;0.00E+00;4.19E-04
2838;-2.00E-02;4.19E-04
2839;0.00E+00;4.20E-04
2840;0.00E+00;4.20E-04
2841;0.00E+00;4.21E-04
2842;-2.00E-02;4.21E-04
2843;0.00E+00;4.22E-04
2844;-2.00E-02;4.22E-04
2845;0.00E+00;4.23E-04
2846;-2.00E-02;4.23E-04
2847;0.00E+00;4.24E-04
2848;0.00E+00;4.24E-04
2849;0.00E+00;4.25E-04
2850;-2.00E-02;4.25E-04
2851;0.00E+00;4.26E-04
2852;-2.00E-02;4.26E-04
2853;0.00E+00;4.27E-04
2854;-2.00E-02;4.27E-04
2855;0.00E+00;4.28E-04
2856;-2.00E-02;4.28E-04
2857;0.00E+00;4.29E-04
2858;0.00E+00;4.29E-04
2859;0.00E+00;4.30E-04
2860;0.00E+00;4.30E-04
2861;0.00E+00;4.31E-04
2862;0.00E+00;4.31E-04
2863;0.00E+00;4.32E-04
2864;0.00E+00;4.32E-04
2865;0.00E+00;4.33E-04
2866;0.00E+00;4.33E-04
2867;0.00E+00;4.34E-04
2868;0.00E+00;4.34E-04
2869;0.00E+00;4.35E-04
2870;0.00E+00;4.35E-04
2871;0.00E+00;4.36E-04
2872;0.00E+00;4.36E-04
2873;0.00E+00;4.37E-04
2874;-2.00E-02;4.37E-04
2875;0.00E+00;4.38E-04
2876;0.00E+00;4.38E-04
2877;0.00E+00;4.39E-04
2878;0.00E+00;4.39E-04
2879;0.00E+00;4.40E-04
2880;0.00E+00;4.40E-04
2881;0.00E+00;4.41E-04
2882;0.00E+00;4.41E-04
2883;0.00E+00;4.42E-04
2884;0.00E+00;4.42E-04
2885;0.00E+00;4.43E-04
2886;0.00E+00;4.43E-04
2887;0.00E+00;4.44E-04
2888;2.00E-02;4.44E-04
2889;0.00E+00;4.45E-04
2890;0.00E+00;4.45E-04
2891;0.00E+00;4.46E-04
2892;0.00E+00;4.46E-04
2893;0.00E+00;4.47E-04
2894;0.00E+00;4.47E-04
2895;0.00E+00;4.48E-04
2896;0.00E+00;4.48E-04
2897;0.00E+00;4.49E-04
2898;0.00E+00;4.49E-04
2899;0.00E+00;4.50E-04
2900;0.00E+00;4.50E-04
2901;-2.00E-02;4.51E-04
2902;0.00E+00;4.51E-04
2903;0.00E+00;4.52E-04
2904;0.00E+00;4.52E-04
2905;0.00E+00;4.53E-04
2906;0.00E+00;4.53E-04
2907;0.00E+00;4.54E-04
2908;0.00E+00;4.54E-04
2909;0.00E+00;4.55E-04
2910;0.00E+00;4.55E-04
2911;0.00E+00;4.56E-04
2912;0.00E+00;4.56E-04
2913;0.00E+00;4.57E-04
2914;0.00E+00;4.57E-04
2915;0.00E+00;4.58E-04
2916;0.00E+00;4.58E-04
2917;0.00E+00;4.59E-04
2918;0.00E+00;4.59E-04
2919;0.00E+00;4.60E-04
2920;0.00E+00;4.60E-04
2921;0.00E+00;4.61E-04
2922;0.00E+00;4.61E-04
2923;0.00E+00;4.62E-04
2924;0.00E+00;4.62E-04
2925;0.00E+00;4.63E-04
2926;-2.00E-02;4.63E-04
2927;0.00E+00;4.64E-04
2928;0.00E+00;4.64E-04
2929;0.00E+00;4.65E-04
2930;0.00E+00;4.65E-04
2931;0.00E+00;4.66E-04
2932;0.00E+00;4.66E-04
2933;0.00E+00;4.67E-04
2934;0.00E+00;4.67E-04
2935;0.00E+00;4.68E-04
2936;0.00E+00;4.68E-04
2937;0.00E+00;4.69E-04
2938;0.00E+00;4.69E-04
2939;0.00E+00;4.70E-04
2940;-2.00E-02;4.70E-04
2941;0.00E+00;4.71E-04
2942;0.00E+00;4.71E-04
2943;0.00E+00;4.72E-04
2944;0.00E+00;4.72E-04
2945;0.00E+00;4.73E-04
2946;-2.00E-02;4.73E-04
2947;0.00E+00;4.74E-04
2948;0.00E+00;4.74E-04
2949;0.00E+00;4.75E-04
2950;0.00E+00;4.75E-04
2951;0.00E+00;4.76E-04
2952;0.00E+00;4.76E-04
2953;0.00E+00;4.77E-04
2954;0.00E+00;4.77E-04
2955;0.00E+00;4.78E-04
2956;-2.00E-02;4.78E-04
2957;0.00E+00;4.79E-04
2958;0.00E+00;4.79E-04
2959;0.00E+00;4.80E-04
2960;-2.00E-02;4.80E-04
2961;0.00E+00;4.81E-04
2962;0.00E+00;4.81E-04
2963;0.00E+00;4.82E-04
2964;0.00E+00;4.82E-04
2965;0.00E+00;4.83E-04
2966;0.00E+00;4.83E-04
2967;0.00E+00;4.84E-04
2968;0.00E+00;4.84E-04
2969;0.00E+00;4.85E-04
2970;0.00E+00;4.85E-04
2971;0.00E+00;4.86E-04
2972;-2.00E-02;4.86E-04
2973;0.00E+00;4.87E-04
2974;0.00E+00;4.87E-04
2975;0.00E+00;4.88E-04
2976;0.00E+00;4.88E-04
2977;0.00E+00;4.89E-04
2978;0.00E+00;4.89E-04
2979;0.00E+00;4.90E-04
2980;0.00E+00;4.90E-04
2981;0.00E+00;4.91E-04
2982;0.00E+00;4.91E-04
2983;0.00E+00;4.92E-04
2984;-2.00E-02;4.92E-04
2985;0.00E+00;4.93E-04
2986;0.00E+00;4.93E-04
2987;0.00E+00;4.94E-04
2988;0.00E+00;4.94E-04
2989;0.00E+00;4.95E-04
2990;0.00E+00;4.95E-04
2991;0.00E+00;4.96E-04
2992;0.00E+00;4.96E-04
2993;0.00E+00;4.97E-04
2994;0.00E+00;4.97E-04
2995;0.00E+00;4.98E-04
2996;0.00E+00;4.98E-04
2997;-2.00E-02;4.99E-04
2998;0.00E+00;4.99E-04
2999;0.00E+00;5.00E-04
3000;0.00E+00;5.00E-04
3001;0.00E+00;5.01E-04
3002;0.00E+00;5.01E-04
3003;0.00E+00;5.02E-04
3004;0.00E+00;5.02E-04
3005;0.00E+00;5.03E-04
3006;0.00E+00;5.03E-04
3007;0.00E+00;5.04E-04
3008;0.00E+00;5.04E-04
3009;0.00E+00;5.05E-04
3010;0.00E+00;5.05E-04
3011;0.00E+00;5.06E-04
3012;0.00E+00;5.06E-04
3013;0.00E+00;5.07E-04
3014;0.00E+00;5.07E-04
3015;0.00E+00;5.08E-04
3016;0.00E+00;5.08E-04
3017;0.00E+00;5.09E-04
3018;0.00E+00;5.09E-04
3019;0.00E+00;5.10E-04
3020;0.00E+00;5.10E-04
3021;0.00E+00;5.11E-04
3022;0.00E+00;5.11E-04
3023;0.00E+00;5.12E-04
3024;0.00E+00;5.12E-04
3025;0.00E+00;5.13E-04
3026;0.00E+00;5.13E-04
3027;0.00E+00;5.14E-04
3028;0.00E+00;5.14E-04
3029;0.00E+00;5.15E-04
3030;0.00E+00;5.15E-04
3031;0.00E+00;5.16E-04
3032;0.00E+00;5.16E-04
3033;0.00E+00;5.17E-04
3034;0.00E+00;5.17E-04
3035;0.00E+00;5.18E-04
3036;0.00E+00;5.18E-04
3037;0.00E+00;5.19E-04
3038;0.00E+00;5.19E-04
3039;0.00E+00;5.20E-04
3040;0.00E+00;5.20E-04
3041;0.00E+00;5.21E-04
3042;0.00E+00;5.21E-04
3043;0.00E+00;5.22E-04
3044;0.00E+00;5.22E-04
3045;-2.00E-02;5.23E-04
3046;0.00E+00;5.23E-04
3047;0.00E+00;5.24E-04
3048;0.00E+00;5.24E-04
3049;0.00E+00;5.25E-04
3050;0.00E+00;5.25E-04
3051;0.00E+00;5.26E-04
3052;0.00E+00;5.26E-04
3053;0.00E+00;5.27E-04
3054;0.00E+00;5.27E-04
3055;0.00E+00;5.28E-04
3056;0.00E+00;5.28E-04
3057;2.00E-02;5.29E-04
3058;0.00E+00;5.29E-04
3059;0.00E+00;5.30E-04
3060;-2.00E-02;5.30E-04
3061;0.00E+00;5.31E-04
3062;0.00E+00;5.31E-04
3063;0.00E+00;5.32E-04
3064;0.00E+00;5.32E-04
3065;0.00E+00;5.33E-04
3066;0.00E+00;5.33E-04
3067;0.00E+00;5.34E-04
3068;-2.00E-02;5.34E-04
3069;0.00E+00;5.35E-04
3070;0.00E+00;5.35E-04
3071;0.00E+00;5.36E-04
3072;-2.00E-02;5.36E-04
3073;0.00E+00;5.37E-04
3074;0.00E+00;5.37E-04
3075;0.00E+00;5.38E-04
3076;0.00E+00;5.38E-04
3077;0.00E+00;5.39E-04
3078;0.00E+00;5.39E-04
3079;0.00E+00;5.40E-04
3080;0.00E+00;5.40E-04
3081;0.00E+00;5.41E-04
3082;0.00E+00;5.41E-04
3083;0.00E+00;5.42E-04
3084;0.00E+00;5.42E-04
3085;0.00E+00;5.43E-04
3086;-2.00E-02;5.43E-04
3087;0.00E+00;5.44E-04
3088;0.00E+00;5.44E-04
3089;0.00E+00;5.45E-04
3090;0.00E+00;5.45E-04
3091;0.00E+00;5.46E-04
3092;-2.00E-02;5.46E-04
3093;2.00E-02;5.47E-04
3094;0.00E+00;5.47E-04
3095;2.00E-02;5.48E-04
3096;0.00E+00;5.48E-04
3097;0.00E+00;5.49E-04
3098;-2.00E-02;5.49E-04
3099;0.00E+00;5.50E-04
3100;0.00E+00;5.50E-04
3101;0.00E+00;5.51E-04
3102;0.00E+00;5.51E-04
3103;0.00E+00;5.52E-04
3104;-2.00E-02;5.52E-04
3105;0.00E+00;5.53E-04
3106;0.00E+00;5.53E-04
3107;0.00E+00;5.54E-04
3108;0.00E+00;5.54E-04
3109;0.00E+00;5.55E-04
3110;0.00E+00;5.55E-04
3111;0.00E+00;5.56E-04
3112;-2.00E-02;5.56E-04
3113;2.00E-02;5.57E-04
3114;0.00E+00;5.57E-04
3115;0.00E+00;5.58E-04
3116;0.00E+00;5.58E-04
3117;0.00E+00;5.59E-04
3118;0.00E+00;5.59E-04
3119;0.00E+00;5.60E-04
3120;0.00E+00;5.60E-04
3121;0.00E+00;5.61E-04
3122;0.00E+00;5.61E-04
3123;0.00E+00;5.62E-04
3124;0.00E+00;5.62E-04
3125;0.00E+00;5.63E-04
3126;0.00E+00;5.63E-04
3127;0.00E+00;5.64E-04
3128;0.00E+00;5.64E-04
3129;0.00E+00;5.65E-04
3130;0.00E+00;5.65E-04
3131;0.00E+00;5.66E-04
3132;0.00E+00;5.66E-04
3133;0.00E+00;5.67E-04
3134;0.00E+00;5.67E-04
3135;0.00E+00;5.68E-04
3136;0.00E+00;5.68E-04
3137;0.00E+00;5.69E-04
3138;0.00E+00;5.69E-04
3139;0.00E+00;5.70E-04
3140;0.00E+00;5.70E-04
3141;0.00E+00;5.71E-04
3142;0.00E+00;5.71E-04
3143;0.00E+00;5.72E-04
3144;0.00E+00;5.72E-04
3145;0.00E+00;5.73E-04
3146;0.00E+00;5.73E-04
3147;0.00E+00;5.74E-04
3148;0.00E+00;5.74E-04
3149;0.00E+00;5.75E-04
3150;0.00E+00;5.75E-04
3151;0.00E+00;5.76E-04
3152;0.00E+00;5.76E-04
3153;0.00E+00;5.77E-04
3154;0.00E+00;5.77E-04
3155;-2.00E-02;5.78E-04
3156;0.00E+00;5.78E-04
3157;0.00E+00;5.79E-04
3158;0.00E+00;5.79E-04
3159;0.00E+00;5.80E-04
3160;0.00E+00;5.80E-04
3161;0.00E+00;5.81E-04
3162;0.00E+00;5.81E-04
3163;0.00E+00;5.82E-04
3164;0.00E+00;5.82E-04
3165;0.00E+00;5.83E-04
3166;0.00E+00;5.83E-04
3167;0.00E+00;5.84E-04
3168;0.00E+00;5.84E-04
3169;0.00E+00;5.85E-04
3170;0.00E+00;5.85E-04
3171;0.00E+00;5.86E-04
3172;0.00E+00;5.86E-04
3173;0.00E+00;5.87E-04
3174;-2.00E-02;5.87E-04
3175;0.00E+00;5.88E-04
3176;0.00E+00;5.88E-04
3177;0.00E+00;5.89E-04
3178;0.00E+00;5.89E-04
3179;0.00E+00;5.90E-04
3180;0.00E+00;5.90E-04
3181;-2.00E-02;5.91E-04
3182;0.00E+00;5.91E-04
3183;0.00E+00;5.92E-04
3184;0.00E+00;5.92E-04
3185;0.00E+00;5.93E-04
3186;0.00E+00;5.93E-04
3187;0.00E+00;5.94E-04
3188;0.00E+00;5.94E-04
3189;0.00E+00;5.95E-04
3190;0.00E+00;5.95E-04
3191;0.00E+00;5.96E-04
3192;0.00E+00;5.96E-04
3193;0.00E+00;5.97E-04
3194;-2.00E-02;5.97E-04
3195;0.00E+00;5.98E-04
3196;0.00E+00;5.98E-04
3197;0.00E+00;5.99E-04
3198;0.00E+00;5.99E-04
3199;0.00E+00;6.00E-04
3200;0.00E+00;6.00E-04
3201;0.00E+00;6.01E-04
3202;0.00E+00;6.01E-04
3203;0.00E+00;6.02E-04
3204;0.00E+00;6.02E-04
3205;0.00E+00;6.03E-04
3206;-2.00E-02;6.03E-04
3207;0.00E+00;6.04E-04
3208;0.00E+00;6.04E-04
3209;0.00E+00;6.05E-04
3210;0.00E+00;6.05E-04
3211;0.00E+00;6.06E-04
3212;0.00E+00;6.06E-04
3213;0.00E+00;6.07E-04
3214;0.00E+00;6.07E-04
3215;0.00E+00;6.08E-04
3216;0.00E+00;6.08E-04
3217;0.00E+00;6.09E-04
3218;0.00E+00;6.09E-04
3219;0.00E+00;6.10E-04
3220;0.00E+00;6.10E-04
3221;0.00E+00;6.11E-04
3222;2.00E-02;6.11E-04
3223;0.00E+00;6.12E-04
3224;0.00E+00;6.12E-04
3225;0.00E+00;6.13E-04
3226;0.00E+00;6.13E-04
3227;0.00E+00;6.14E-04
3228;0.00E+00;6.14E-04
3229;0.00E+00;6.15E-04
3230;0.00E+00;6.15E-04
3231;-2.00E-02;6.16E-04
3232;-2.00E-02;6.16E-04
3233;0.00E+00;6.17E-04
3234;0.00E+00;6.17E-04
3235;0.00E+00;6.18E-04
3236;0.00E+00;6.18E-04
3237;0.00E+00;6.19E-04
3238;0.00E+00;6.19E-04
3239;0.00E+00;6.20E-04
3240;0.00E+00;6.20E-04
3241;0.00E+00;6.21E-04
3242;0.00E+00;6.21E-04
3243;0.00E+00;6.22E-04
3244;0.00E+00;6.22E-04
3245;0.00E+00;6.23E-04
3246;0.00E+00;6.23E-04
3247;0.00E+00;6.24E-04
3248;0.00E+00;6.24E-04
3249;0.00E+00;6.25E-04
3250;0.00E+00;6.25E-04
3251;0.00E+00;6.26E-04
3252;0.00E+00;6.26E-04
3253;0.00E+00;6.27E-04
3254;0.00E+00;6.27E-04
3255;0.00E+00;6.28E-04
3256;0.00E+00;6.28E-04
3257;0.00E+00;6.29E-04
3258;0.00E+00;6.29E-04
3259;0.00E+00;6.30E-04
3260;0.00E+00;6.30E-04
3261;0.00E+00;6.31E-04
3262;0.00E+00;6.31E-04
3263;0.00E+00;6.32E-04
3264;0.00E+00;6.32E-04
3265;0.00E+00;6.33E-04
3266;0.00E+00;6.33E-04
3267;0.00E+00;6.34E-04
3268;0.00E+00;6.34E-04
3269;0.00E+00;6.35E-04
3270;0.00E+00;6.35E-04
3271;0.00E+00;6.36E-04
3272;0.00E+00;6.36E-04
3273;0.00E+00;6.37E-04
3274;0.00E+00;6.37E-04
3275;0.00E+00;6.38E-04
3276;-2.00E-02;6.38E-04
3277;0.00E+00;6.39E-04
3278;0.00E+00;6.39E-04
3279;0.00E+00;6.40E-04
3280;0.00E+00;6.40E-04
3281;0.00E+00;6.41E-04
3282;0.00E+00;6.41E-04
3283;0.00E+00;6.42E-04
3284;0.00E+00;6.42E-04
3285;0.00E+00;6.43E-04
3286;0.00E+00;6.43E-04
3287;0.00E+00;6.44E-04
3288;0.00E+00;6.44E-04
3289;0.00E+00;6.45E-04
3290;0.00E+00;6.45E-04
3291;0.00E+00;6.46E-04
3292;0.00E+00;6.46E-04
3293;0.00E+00;6.47E-04
3294;0.00E+00;6.47E-04
3295;0.00E+00;6.48E-04
3296;0.00E+00;6.48E-04
3297;0.00E+00;6.49E-04
3298;0.00E+00;6.49E-04
3299;0.00E+00;6.50E-04
3300;0.00E+00;6.50E-04
3301;0.00E+00;6.51E-04
3302;0.00E+00;6.51E-04
3303;0.00E+00;6.52E-04
3304;0.00E+00;6.52E-04
3305;0.00E+00;6.53E-04
3306;0.00E+00;6.53E-04
3307;0.00E+00;6.54E-04
3308;0.00E+00;6.54E-04
3309;0.00E+00;6.55E-04
3310;0.00E+00;6.55E-04
3311;0.00E+00;6.56E-04
3312;0.00E+00;6.56E-04
3313;0.00E+00;6.57E-04
3314;0.00E+00;6.57E-04
3315;0.00E+00;6.58E-04
3316;0.00E+00;6.58E-04
3317;0.00E+00;6.59E-04
3318;0.00E+00;6.59E-04
3319;0.00E+00;6.60E-04
3320;-4.00E-02;6.60E-04
3321;0.00E+00;6.61E-04
3322;0.00E+00;6.61E-04
3323;0.00E+00;6.62E-04
3324;0.00E+00;6.62E-04
3325;0.00E+00;6.63E-04
3326;0.00E+00;6.63E-04
3327;0.00E+00;6.64E-04
3328;0.00E+00;6.64E-04
3329;0.00E+00;6.65E-04
3330;0.00E+00;6.65E-04
3331;0.00E+00;6.66E-04
3332;-2.00E-02;6.66E-04
3333;0.00E+00;6.67E-04
3334;-2.00E-02;6.67E-04
3335;0.00E+00;6.68E-04
3336;0.00E+00;6.68E-04
3337;0.00E+00;6.69E-04
3338;0.00E+00;6.69E-04
3339;0.00E+00;6.70E-04
3340;0.00E+00;6.70E-04
3341;0.00E+00;6.71E-04
3342;0.00E+00;6.71E-04
3343;0.00E+00;6.72E-04
3344;0.00E+00;6.72E-04
3345;0.00E+00;6.73E-04
3346;0.00E+00;6.73E-04
3347;0.00E+00;6.74E-04
3348;0.00E+00;6.74E-04
3349;0.00E+00;6.75E-04
3350;0.00E+00;6.75E-04
3351;0.00E+00;6.76E-04
3352;0.00E+00;6.76E-04
3353;0.00E+00;6.77E-04
3354;0.00E+00;6.77E-04
3355;0.00E+00;6.78E-04
3356;0.00E+00;6.78E-04
3357;0.00E+00;6.79E-04
3358;-2.00E-02;6.79E-04
3359;0.00E+00;6.80E-04
3360;0.00E+00;6.80E-04
3361;0.00E+00;6.81E-04
3362;0.00E+00;6.81E-04
3363;0.00E+00;6.82E-04
3364;0.00E+00;6.82E-04
3365;0.00E+00;6.83E-04
3366;0.00E+00;6.83E-04
3367;0.00E+00;6.84E-04
3368;0.00E+00;6.84E-04
3369;0.00E+00;6.85E-04
3370;0.00E+00;6.85E-04
3371;0.00E+00;6.86E-04
3372;0.00E+00;6.86E-04
3373;0.00E+00;6.87E-04
3374;0.00E+00;6.87E-04
3375;-4.00E-02;6.88E-04
3376;0.00E+00;6.88E-04
3377;0.00E+00;6.89E-04
3378;0.00E+00;6.89E-04
3379;0.00E+00;6.90E-04
3380;0.00E+00;6.90E-04
3381;0.00E+00;6.91E-04
3382;0.00E+00;6.91E-04
3383;0.00E+00;6.92E-04
3384;0.00E+00;6.92E-04
3385;2.00E-02;6.93E-04
3386;0.00E+00;6.93E-04
3387;0.00E+00;6.94E-04
3388;0.00E+00;6.94E-04
3389;0.00E+00;6.95E-04
3390;-2.00E-02;6.95E-04
3391;0.00E+00;6.96E-04
3392;0.00E+00;6.96E-04
3393;0.00E+00;6.97E-04
3394;0.00E+00;6.97E-04
3395;0.00E+00;6.98E-04
3396;0.00E+00;6.98E-04
3397;0.00E+00;6.99E-04
3398;0.00E+00;6.99E-04
3399;0.00E+00;7.00E-04
3400;0.00E+00;7.00E-04
3401;0.00E+00;7.01E-04
3402;0.00E+00;7.01E-04
3403;0.00E+00;7.02E-04
3404;0.00E+00;7.02E-04
3405;0.00E+00;7.03E-04
3406;0.00E+00;7.03E-04
3407;0.00E+00;7.04E-04
3408;0.00E+00;7.04E-04
3409;0.00E+00;7.05E-04
3410;-2.00E-02;7.05E-04
3411;0.00E+00;7.06E-04
3412;0.00E+00;7.06E-04
3413;0.00E+00;7.07E-04
3414;0.00E+00;7.07E-04
3415;0.00E+00;7.08E-04
3416;0.00E+00;7.08E-04
3417;0.00E+00;7.09E-04
3418;0.00E+00;7.09E-04
3419;0.00E+00;7.10E-04
3420;0.00E+00;7.10E-04
3421;0.00E+00;7.11E-04
3422;-2.00E-02;7.11E-04
3423;0.00E+00;7.12E-04
3424;0.00E+00;7.12E-04
3425;0.00E+00;7.13E-04
3426;0.00E+00;7.13E-04
3427;0.00E+00;7.14E-04
3428;-2.00E-02;7.14E-04
3429;0.00E+00;7.15E-04
3430;0.00E+00;7.15E-04
3431;0.00E+00;7.16E-04
3432;0.00E+00;7.16E-04
3433;2.00E-02;7.17E-04
3434;0.00E+00;7.17E-04
3435;0.00E+00;7.18E-04
3436;0.00E+00;7.18E-04
3437;0.00E+00;7.19E-04
3438;0.00E+00;7.19E-04
3439;0.00E+00;7.20E-04
3440;0.00E+00;7.20E-04
3441;0.00E+00;7.21E-04
3442;-2.00E-02;7.21E-04
3443;0.00E+00;7.22E-04
3444;0.00E+00;7.22E-04
3445;0.00E+00;7.23E-04
3446;0.00E+00;7.23E-04
3447;-2.00E-02;7.24E-04
3448;-2.00E-02;7.24E-04
3449;0.00E+00;7.25E-04
3450;0.00E+00;7.25E-04
3451;0.00E+00;7.26E-04
3452;0.00E+00;7.26E-04
3453;0.00E+00;7.27E-04
3454;0.00E+00;7.27E-04
3455;0.00E+00;7.28E-04
3456;0.00E+00;7.28E-04
3457;2.00E-02;7.29E-04
3458;0.00E+00;7.29E-04
3459;0.00E+00;7.30E-04
3460;0.00E+00;7.30E-04
3461;0.00E+00;7.31E-04
3462;0.00E+00;7.31E-04
3463;0.00E+00;7.32E-04
3464;0.00E+00;7.32E-04
3465;0.00E+00;7.33E-04
3466;-2.00E-02;7.33E-04
3467;0.00E+00;7.34E-04
3468;0.00E+00;7.34E-04
3469;2.00E-02;7.35E-04
3470;0.00E+00;7.35E-04
3471;0.00E+00;7.36E-04
3472;0.00E+00;7.36E-04
3473;0.00E+00;7.37E-04
3474;0.00E+00;7.37E-04
3475;0.00E+00;7.38E-04
3476;0.00E+00;7.38E-04
3477;0.00E+00;7.39E-04
3478;0.00E+00;7.39E-04
3479;0.00E+00;7.40E-04
3480;0.00E+00;7.40E-04
3481;0.00E+00;7.41E-04
3482;0.00E+00;7.41E-04
3483;0.00E+00;7.42E-04
3484;0.00E+00;7.42E-04
3485;2.00E-02;7.43E-04
3486;0.00E+00;7.43E-04
3487;0.00E+00;7.44E-04
3488;0.00E+00;7.44E-04
3489;0.00E+00;7.45E-04
3490;0.00E+00;7.45E-04
3491;0.00E+00;7.46E-04
3492;0.00E+00;7.46E-04
3493;0.00E+00;7.47E-04
3494;0.00E+00;7.47E-04
3495;0.00E+00;7.48E-04
3496;0.00E+00;7.48E-04
3497;0.00E+00;7.49E-04
3498;-2.00E-02;7.49E-04
3499;0.00E+00;7.50E-04
3500;0.00E+00;7.50E-04
3501;0.00E+00;7.51E-04
3502;0.00E+00;7.51E-04
3503;0.00E+00;7.52E-04
3504;0.00E+00;7.52E-04
3505;0.00E+00;7.53E-04
3506;0.00E+00;7.53E-04
3507;0.00E+00;7.54E-04
3508;0.00E+00;7.54E-04
3509;0.00E+00;7.55E-04
3510;0.00E+00;7.55E-04
3511;0.00E+00;7.56E-04
3512;0.00E+00;7.56E-04
3513;0.00E+00;7.57E-04
3514;0.00E+00;7.57E-04
3515;0.00E+00;7.58E-04
3516;0.00E+00;7.58E-04
3517;0.00E+00;7.59E-04
3518;0.00E+00;7.59E-04
3519;0.00E+00;7.60E-04
3520;0.00E+00;7.60E-04
3521;0.00E+00;7.61E-04
3522;0.00E+00;7.61E-04
3523;0.00E+00;7.62E-04
3524;0.00E+00;7.62E-04
3525;0.00E+00;7.63E-04
3526;0.00E+00;7.63E-04
3527;0.00E+00;7.64E-04
3528;0.00E+00;7.64E-04
3529;0.00E+00;7.65E-04
3530;0.00E+00;7.65E-04
3531;0.00E+00;7.66E-04
3532;0.00E+00;7.66E-04
3533;0.00E+00;7.67E-04
3534;0.00E+00;7.67E-04
3535;0.00E+00;7.68E-04
3536;-2.00E-02;7.68E-04
3537;0.00E+00;7.69E-04
3538;0.00E+00;7.69E-04
3539;0.00E+00;7.70E-04
3540;-2.00E-02;7.70E-04
3541;0.00E+00;7.71E-04
3542;0.00E+00;7.71E-04
3543;0.00E+00;7.72E-04
3544;0.00E+00;7.72E-04
3545;0.00E+00;7.73E-04
3546;0.00E+00;7.73E-04
3547;0.00E+00;7.74E-04
3548;0.00E+00;7.74E-04
3549;0.00E+00;7.75E-04
3550;-2.00E-02;7.75E-04
3551;0.00E+00;7.76E-04
3552;0.00E+00;7.76E-04
3553;0.00E+00;7.77E-04
3554;0.00E+00;7.77E-04
3555;-2.00E-02;7.78E-04
3556;0.00E+00;7.78E-04
3557;0.00E+00;7.79E-04
3558;0.00E+00;7.79E-04
3559;0.00E+00;7.80E-04
3560;0.00E+00;7.80E-04
3561;0.00E+00;7.81E-04
3562;-2.00E-02;7.81E-04
3563;0.00E+00;7.82E-04
3564;0.00E+00;7.82E-04
3565;0.00E+00;7.83E-04
3566;0.00E+00;7.83E-04
3567;0.00E+00;7.84E-04
3568;0.00E+00;7.84E-04
3569;0.00E+00;7.85E-04
3570;0.00E+00;7.85E-04
3571;0.00E+00;7.86E-04
3572;-2.00E-02;7.86E-04
3573;0.00E+00;7.87E-04
3574;0.00E+00;7.87E-04
3575;0.00E+00;7.88E-04
3576;0.00E+00;7.88E-04
3577;0.00E+00;7.89E-04
3578;0.00E+00;7.89E-04
3579;0.00E+00;7.90E-04
3580;0.00E+00;7.90E-04
3581;0.00E+00;7.91E-04
3582;0.00E+00;7.91E-04
3583;0.00E+00;7.92E-04
3584;0.00E+00;7.92E-04
3585;2.00E-02;7.93E-04
3586;0.00E+00;7.93E-04
3587;0.00E+00;7.94E-04
3588;-2.00E-02;7.94E-04
3589;0.00E+00;7.95E-04
3590;0.00E+00;7.95E-04
3591;0.00E+00;7.96E-04
3592;0.00E+00;7.96E-04
3593;2.00E-02;7.97E-04
3594;0.00E+00;7.97E-04
3595;0.00E+00;7.98E-04
3596;0.00E+00;7.98E-04
3597;0.00E+00;7.99E-04
3598;0.00E+00;7.99E-04
3599;0.00E+00;8.00E-04
3600;0.00E+00;8.00E-04
3601;0.00E+00;8.01E-04
3602;0.00E+00;8.01E-04
3603;0.00E+00;8.02E-04
3604;0.00E+00;8.02E-04
3605;0.00E+00;8.03E-04
3606;-2.00E-02;8.03E-04
3607;0.00E+00;8.04E-04
3608;0.00E+00;8.04E-04
3609;0.00E+00;8.05E-04
3610;0.00E+00;8.05E-04
3611;2.00E-02;8.06E-04
3612;0.00E+00;8.06E-04
3613;0.00E+00;8.07E-04
3614;0.00E+00;8.07E-04
3615;0.00E+00;8.08E-04
3616;0.00E+00;8.08E-04
3617;0.00E+00;8.09E-04
3618;0.00E+00;8.09E-04
3619;0.00E+00;8.10E-04
3620;0.00E+00;8.10E-04
3621;0.00E+00;8.11E-04
3622;0.00E+00;8.11E-04
3623;0.00E+00;8.12E-04
3624;0.00E+00;8.12E-04
3625;0.00E+00;8.13E-04
3626;0.00E+00;8.13E-04
3627;0.00E+00;8.14E-04
3628;0.00E+00;8.14E-04
3629;0.00E+00;8.15E-04
3630;0.00E+00;8.15E-04
3631;0.00E+00;8.16E-04
3632;0.00E+00;8.16E-04
3633;0.00E+00;8.17E-04
3634;0.00E+00;8.17E-04
3635;0.00E+00;8.18E-04
3636;0.00E+00;8.18E-04
3637;0.00E+00;8.19E-04
3638;0.00E+00;8.19E-04
3639;0.00E+00;8.20E-04
3640;0.00E+00;8.20E-04
3641;0.00E+00;8.21E-04
3642;0.00E+00;8.21E-04
3643;0.00E+00;8.22E-04
3644;0.00E+00;8.22E-04
3645;0.00E+00;8.23E-04
3646;0.00E+00;8.23E-04
3647;0.00E+00;8.24E-04
3648;0.00E+00;8.24E-04
3649;0.00E+00;8.25E-04
3650;0.00E+00;8.25E-04
3651;0.00E+00;8.26E-04
3652;0.00E+00;8.26E-04
3653;0.00E+00;8.27E-04
3654;0.00E+00;8.27E-04
3655;0.00E+00;8.28E-04
3656;0.00E+00;8.28E-04
3657;0.00E+00;8.29E-04
3658;0.00E+00;8.29E-04
3659;0.00E+00;8.30E-04
3660;0.00E+00;8.30E-04
3661;0.00E+00;8.31E-04
3662;0.00E+00;8.31E-04
3663;0.00E+00;8.32E-04
3664;0.00E+00;8.32E-04
3665;0.00E+00;8.33E-04
3666;0.00E+00;8.33E-04
3667;0.00E+00;8.34E-04
3668;0.00E+00;8.34E-04
3669;0.00E+00;8.35E-04
3670;0.00E+00;8.35E-04
3671;0.00E+00;8.36E-04
3672;0.00E+00;8.36E-04
3673;0.00E+00;8.37E-04
3674;0.00E+00;8.37E-04
3675;0.00E+00;8.38E-04
3676;0.00E+00;8.38E-04
3677;0.00E+00;8.39E-04
3678;0.00E+00;8.39E-04
3679;0.00E+00;8.40E-04
3680;0.00E+00;8.40E-04
3681;0.00E+00;8.41E-04
3682;0.00E+00;8.41E-04
3683;0.00E+00;8.42E-04
3684;0.00E+00;8.42E-04
3685;0.00E+00;8.43E-04
3686;0.00E+00;8.43E-04
3687;0.00E+00;8.44E-04
3688;0.00E+00;8.44E-04
3689;0.00E+00;8.45E-04
3690;0.00E+00;8.45E-04
3691;0.00E+00;8.46E-04
3692;0.00E+00;8.46E-04
3693;0.00E+00;8.47E-04
3694;0.00E+00;8.47E-04
3695;0.00E+00;8.48E-04
3696;-2.00E-02;8.48E-04
3697;0.00E+00;8.49E-04
3698;0.00E+00;8.49E-04
3699;0.00E+00;8.50E-04
3700;0.00E+00;8.50E-04
3701;0.00E+00;8.51E-04
3702;-2.00E-02;8.51E-04
3703;0.00E+00;8.52E-04
3704;0.00E+00;8.52E-04
3705;0.00E+00;8.53E-04
3706;0.00E+00;8.53E-04
3707;0.00E+00;8.54E-04
3708;-2.00E-02;8.54E-04
3709;0.00E+00;8.55E-04
3710;0.00E+00;8.55E-04
3711;0.00E+00;8.56E-04
3712;0.00E+00;8.56E-04
3713;0.00E+00;8.57E-04
3714;-2.00E-02;8.57E-04
3715;0.00E+00;8.58E-04
3716;0.00E+00;8.58E-04
3717;2.00E-02;8.59E-04
3718;0.00E+00;8.59E-04
3719;0.00E+00;8.60E-04
3720;0.00E+00;8.60E-04
3721;0.00E+00;8.61E-04
3722;0.00E+00;8.61E-04
3723;0.00E+00;8.62E-04
3724;0.00E+00;8.62E-04
3725;0.00E+00;8.63E-04
3726;0.00E+00;8.63E-04
3727;0.00E+00;8.64E-04
3728;0.00E+00;8.64E-04
3729;0.00E+00;8.65E-04
3730;0.00E+00;8.65E-04
3731;0.00E+00;8.66E-04
3732;0.00E+00;8.66E-04
3733;0.00E+00;8.67E-04
3734;0.00E+00;8.67E-04
3735;0.00E+00;8.68E-04
3736;0.00E+00;8.68E-04
3737;0.00E+00;8.69E-04
3738;0.00E+00;8.69E-04
3739;0.00E+00;8.70E-04
3740;0.00E+00;8.70E-04
3741;0.00E+00;8.71E-04
3742;0.00E+00;8.71E-04
3743;0.00E+00;8.72E-04
3744;0.00E+00;8.72E-04
3745;0.00E+00;8.73E-04
3746;0.00E+00;8.73E-04
3747;0.00E+00;8.74E-04
3748;0.00E+00;8.74E-04
3749;0.00E+00;8.75E-04
3750;0.00E+00;8.75E-04
3751;0.00E+00;8.76E-04
3752;0.00E+00;8.76E-04
3753;0.00E+00;8.77E-04
3754;0.00E+00;8.77E-04
3755;0.00E+00;8.78E-04
3756;0.00E+00;8.78E-04
3757;0.00E+00;8.79E-04
3758;0.00E+00;8.79E-04
3759;0.00E+00;8.80E-04
3760;0.00E+00;8.80E-04
3761;0.00E+00;8.81E-04
3762;0.00E+00;8.81E-04
3763;0.00E+00;8.82E-04
3764;0.00E+00;8.82E-04
3765;0.00E+00;8.83E-04
3766;0.00E+00;8.83E-04
3767;0.00E+00;8.84E-04
3768;0.00E+00;8.84E-04
3769;0.00E+00;8.85E-04
3770;0.00E+00;8.85E-04
3771;2.00E-02;8.86E-04
3772;0.00E+00;8.86E-04
3773;0.00E+00;8.87E-04
3774;0.00E+00;8.87E-04
3775;0.00E+00;8.88E-04
3776;0.00E+00;8.88E-04
3777;0.00E+00;8.89E-04
3778;0.00E+00;8.89E-04
3779;0.00E+00;8.90E-04
3780;0.00E+00;8.90E-04
3781;0.00E+00;8.91E-04
3782;0.00E+00;8.91E-04
3783;0.00E+00;8.92E-04
3784;-2.00E-02;8.92E-04
3785;0.00E+00;8.93E-04
3786;0.00E+00;8.93E-04
3787;2.00E-02;8.94E-04
3788;0.00E+00;8.94E-04
3789;0.00E+00;8.95E-04
3790;0.00E+00;8.95E-04
3791;0.00E+00;8.96E-04
3792;-2.00E-02;8.96E-04
3793;2.00E-02;8.97E-04
3794;0.00E+00;8.97E-04
3795;2.00E-02;8.98E-04
3796;0.00E+00;8.98E-04
3797;0.00E+00;8.99E-04
3798;0.00E+00;8.99E-04
3799;2.00E-02;9.00E-04
3800;0.00E+00;9.00E-04
3801;0.00E+00;9.01E-04
3802;0.00E+00;9.01E-04
3803;0.00E+00;9.02E-04
3804;0.00E+00;9.02E-04
3805;0.00E+00;9.03E-04
3806;0.00E+00;9.03E-04
3807;0.00E+00;9.04E-04
3808;0.00E+00;9.04E-04
3809;0.00E+00;9.05E-04
3810;0.00E+00;9.05E-04
3811;0.00E+00;9.06E-04
3812;0.00E+00;9.06E-04
3813;0.00E+00;9.07E-04
3814;0.00E+00;9.07E-04
3815;0.00E+00;9.08E-04
3816;0.00E+00;9.08E-04
3817;0.00E+00;9.09E-04
3818;0.00E+00;9.09E-04
3819;0.00E+00;9.10E-04
3820;0.00E+00;9.10E-04
3821;0.00E+00;9.11E-04
3822;-2.00E-02;9.11E-04
3823;0.00E+00;9.12E-04
3824;0.00E+00;9.12E-04
3825;0.00E+00;9.13E-04
3826;0.00E+00;9.13E-04
3827;0.00E+00;9.14E-04
3828;0.00E+00;9.14E-04
3829;0.00E+00;9.15E-04
3830;0.00E+00;9.15E-04
3831;0.00E+00;9.16E-04
3832;0.00E+00;9.16E-04
3833;0.00E+00;9.17E-04
3834;0.00E+00;9.17E-04
3835;0.00E+00;9.18E-04
3836;0.00E+00;9.18E-04
3837;0.00E+00;9.19E-04
3838;0.00E+00;9.19E-04
3839;2.00E-02;9.20E-04
3840;0.00E+00;9.20E-04
3841;0.00E+00;9.21E-04
3842;0.00E+00;9.21E-04
3843;0.00E+00;9.22E-04
3844;0.00E+00;9.22E-04
3845;0.00E+00;9.23E-04
3846;0.00E+00;9.23E-04
3847;0.00E+00;9.24E-04
3848;0.00E+00;9.24E-04
3849;0.00E+00;9.25E-04
3850;0.00E+00;9.25E-04
3851;0.00E+00;9.26E-04
3852;0.00E+00;9.26E-04
3853;0.00E+00;9.27E-04
3854;0.00E+00;9.27E-04
3855;0.00E+00;9.28E-04
3856;0.00E+00;9.28E-04
3857;0.00E+00;9.29E-04
3858;0.00E+00;9.29E-04
3859;0.00E+00;9.30E-04
3860;0.00E+00;9.30E-04
3861;0.00E+00;9.31E-04
3862;0.00E+00;9.31E-04
3863;0.00E+00;9.32E-04
3864;0.00E+00;9.32E-04
3865;0.00E+00;9.33E-04
3866;0.00E+00;9.33E-04
3867;0.00E+00;9.34E-04
3868;0.00E+00;9.34E-04
3869;0.00E+00;9.35E-04
3870;0.00E+00;9.35E-04
3871;0.00E+00;9.36E-04
3872;0.00E+00;9.36E-04
3873;0.00E+00;9.37E-04
3874;0.00E+00;9.37E-04
3875;0.00E+00;9.38E-04
3876;0.00E+00;9.38E-04
3877;0.00E+00;9.39E-04
3878;0.00E+00;9.39E-04
3879;0.00E+00;9.40E-04
3880;0.00E+00;9.40E-04
3881;0.00E+00;9.41E-04
3882;0.00E+00;9.41E-04
3883;0.00E+00;9.42E-04
3884;0.00E+00;9.42E-04
3885;0.00E+00;9.43E-04
3886;0.00E+00;9.43E-04
3887;0.00E+00;9.44E-04
3888;0.00E+00;9.44E-04
3889;0.00E+00;9.45E-04
3890;0.00E+00;9.45E-04
3891;0.00E+00;9.46E-04
3892;0.00E+00;9.46E-04
3893;0.00E+00;9.47E-04
3894;0.00E+00;9.47E-04
3895;0.00E+00;9.48E-04
3896;0.00E+00;9.48E-04
3897;0.00E+00;9.49E-04
3898;0.00E+00;9.49E-04
3899;0.00E+00;9.50E-04
3900;0.00E+00;9.50E-04
3901;0.00E+00;9.51E-04
3902;0.00E+00;9.51E-04
3903;0.00E+00;9.52E-04
3904;0.00E+00;9.52E-04
3905;0.00E+00;9.53E-04
3906;0.00E+00;9.53E-04
3907;0.00E+00;9.54E-04
3908;0.00E+00;9.54E-04
3909;0.00E+00;9.55E-04
3910;0.00E+00;9.55E-04
3911;0.00E+00;9.56E-04
3912;0.00E+00;9.56E-04
3913;0.00E+00;9.57E-04
3914;0.00E+00;9.57E-04
3915;0.00E+00;9.58E-04
3916;0.00E+00;9.58E-04
3917;0.00E+00;9.59E-04
3918;0.00E+00;9.59E-04
3919;0.00E+00;9.60E-04
3920;0.00E+00;9.60E-04
3921;0.00E+00;9.61E-04
3922;0.00E+00;9.61E-04
3923;0.00E+00;9.62E-04
3924;0.00E+00;9.62E-04
3925;0.00E+00;9.63E-04
3926;0.00E+00;9.63E-04
3927;0.00E+00;9.64E-04
3928;0.00E+00;9.64E-04
3929;0.00E+00;9.65E-04
3930;0.00E+00;9.65E-04
3931;0.00E+00;9.66E-04
3932;0.00E+00;9.66E-04
3933;0.00E+00;9.67E-04
3934;0.00E+00;9.67E-04
3935;0.00E+00;9.68E-04
3936;-2.00E-02;9.68E-04
3937;0.00E+00;9.69E-04
3938;-2.00E-02;9.69E-04
3939;0.00E+00;9.70E-04
3940;0.00E+00;9.70E-04
3941;0.00E+00;9.71E-04
3942;0.00E+00;9.71E-04
3943;0.00E+00;9.72E-04
3944;0.00E+00;9.72E-04
3945;2.00E-02;9.73E-04
3946;0.00E+00;9.73E-04
3947;0.00E+00;9.74E-04
3948;0.00E+00;9.74E-04
3949;0.00E+00;9.75E-04
3950;-2.00E-02;9.75E-04
3951;2.00E-02;9.76E-04
3952;0.00E+00;9.76E-04
3953;0.00E+00;9.77E-04
3954;0.00E+00;9.77E-04
3955;2.00E-02;9.78E-04
3956;0.00E+00;9.78E-04
3957;0.00E+00;9.79E-04
3958;0.00E+00;9.79E-04
3959;0.00E+00;9.80E-04
3960;0.00E+00;9.80E-04
3961;0.00E+00;9.81E-04
3962;-2.00E-02;9.81E-04
3963;0.00E+00;9.82E-04
3964;0.00E+00;9.82E-04
3965;0.00E+00;9.83E-04
3966;0.00E+00;9.83E-04
3967;0.00E+00;9.84E-04
3968;0.00E+00;9.84E-04
3969;0.00E+00;9.85E-04
3970;0.00E+00;9.85E-04
3971;0.00E+00;9.86E-04
3972;0.00E+00;9.86E-04
3973;2.00E-02;9.87E-04
3974;0.00E+00;9.87E-04
3975;0.00E+00;9.88E-04
3976;0.00E+00;9.88E-04
3977;0.00E+00;9.89E-04
3978;0.00E+00;9.89E-04
3979;0.00E+00;9.90E-04
3980;-2.00E-02;9.90E-04
3981;0.00E+00;9.91E-04
3982;0.00E+00;9.91E-04
3983;0.00E+00;9.92E-04
3984;0.00E+00;9.92E-04
3985;0.00E+00;9.93E-04
3986;0.00E+00;9.93E-04
3987;0.00E+00;9.94E-04
3988;-2.00E-02;9.94E-04
3989;0.00E+00;9.95E-04
3990;0.00E+00;9.95E-04
3991;0.00E+00;9.96E-04
3992;0.00E+00;9.96E-04
3993;0.00E+00;9.97E-04
3994;0.00E+00;9.97E-04
3995;0.00E+00;9.98E-04
3996;0.00E+00;9.98E-04
3997;0.00E+00;9.99E-04
3998;0.00E+00;9.99E-04
3999;0.00E+00;1.00E-03
4000;1.46E+00;1.00E-03